BSU26790	
BSU27090	1.0729258200133638
BSU28720	0.7656121125335164
BSU14480	1.0729258200133638
BSU28810	1.1474057494228085
BSU00370	0.8823524523124937
BSU29200	1.42781286726847
BSU24350	0.7221377650303035
BSU24340	0.6231739011957402
BSU37170	1.3165399524919772
BSU29470	0.7633535375852134
BSU08060	1.0876987925256831
BSU08070	1.2387772507408568
BSU08080	
BSU08090	1.1776238619594184
BSU08100	1.0144588250362492
BSU15920	0.882213621547787
BSU29680	1.3797855589095749
BSU29690	1.0435666707863618
BSU29700	1.192823007582393
BSU29710	1.192823007582393
BSU01810	
BSU01820	
BSU10620	2.5243899233020812
BSU14520	0.7354919065588748
BSU27010	
BSU26970	
BSU01370	1.4601097775553284
BSU40090	0.3943819965453629
BSU40100	0.8584348978159498
BSU24250	2.1137449518834854
BSU27410	1.2387772507408568
BSU31930	1.42781286726847
BSU39860	0.9925066293472757
BSU38830	0.8971063940284867
BSU01800	1.223399991648671
BSU36000	1.34804893801963
BSU36020	1.3165399524919772
BSU36010	1.0144588250362492
BSU18120	1.0289811644797733
BSU03010	2.1501438481118647
BSU14450	0.6939788412864314
BSU30290	0.8202907856000599
BSU30280	
BSU03040	
BSU29930	1.411747779924906
BSU23580	0.9932263939932583
BSU23570	1.0289811644797733
BSU23590	1.508968411247998
BSU11390	0.40308621214347884
BSU11400	0.3728787392641452
BSU11360	0.318031348141257
BSU11370	0.4132778123637402
BSU10300	1.42781286726847
BSU17260	1.2542133082277942
BSU27610	0.7781375795264855
BSU28800	1.0144588250362492
BSU28790	1.3165399524919772
BSU28780	
BSU33960	0.7505056414611228
BSU28770	
BSU28760	0.6623487639579371
BSU28750	0.8744498370785571
BSU28740	0.7469413492440464
BSU28730	1.0876987925256831
BSU33970	
BSU11210	5.5006813368869905
BSU11190	2.7970608012319955
BSU11220	6.2456001572395765
BSU19710	1.192823007582393
BSU11250	4.101801412014149
BSU29450	2.6596529118157495
BSU29440	4.669346625471353
BSU11200	4.057381967392
BSU37330	0.7553984889777471
BSU29750	0.1202975071694092
BSU22700	0.7337857365789553
BSU23080	0.9293763882714093
BSU25660	0.6622216297050881
BSU22600	1.9523363156428246
BSU22710	0.7272348912522598
BSU22690	0.6708837727443293
BSU03150	1.0582150016914458
BSU16750	0.2069691813847703
BSU28470	0.9334162328692104
BSU30540	0.9748509533780979
BSU39920	0.5483869061707367
BSU22360	1.300871475965767
BSU22370	0.9265564369246863
BSU27550	0.9496154289286121
BSU36830	1.0876987925256831
BSU36870	0.2783339489515114
BSU36800	1.300871475965767
BSU36810	1.9170059330024374
BSU36860	0.547067602196444
BSU36850	0.6169444275091802
BSU36820	0.8140530769557608
BSU36840	0.751430567455216
BSU36880	0.5167590873458212
BSU26720	1.223399991648671
BSU26710	
BSU26700	
BSU22050	1.7776856665577871
BSU25290	0.8595364574620481
BSU24050	1.8122126368665468
BSU24040	2.2235106173076353
BSU24030	2.0057013758908875
BSU40110	0.7592402361505112
BSU18130	1.7262792485480012
BSU39260	1.6584624363872555
BSU39270	4.25843171720761
BSU39070	
BSU30230	1.2080818139511238
BSU30200	0.553914546127368
BSU30210	0.7354919065588748
BSU30220	0.9014353903127662
BSU30190	0.7762681347581946
BSU30240	0.9338937754525353
BSU22440	1.3797855589095749
BSU26590	1.9700755750823085
BSU26600	1.0435666707863618
BSU26580	1.6753383535554418
BSU24010	0.9357308830076818
BSU24020	0.9692731560769455
BSU24000	
BSU00230	0.5613916953017405
BSU27750	1.7776856665577871
BSU15300	
BSU29600	
BSU26690	0.8359487906307408
BSU21900	
BSU14630	0.3956839082333706
BSU03180	0.6538473706322676
BSU11230	6.0441285064131005
BSU11240	4.035227976992178
BSU25190	1.508968411247998
BSU35270	0.8106691518211785
BSU17930	0.745490723635224
BSU29740	0.5309558793121365
BSU25300	0.6926895014862015
BSU16540	0.9259927617973861
BSU19780	0.9364377576877587
BSU19790	0.7868351923582456
BSU19770	
BSU19760	1.0876987925256831
BSU19750	0.9340350525133114
BSU16430	1.192823007582393
BSU16420	1.7433632589376395
BSU16450	0.9754235910230943
BSU16460	1.192823007582393
BSU22720	0.41371790925989965
BSU14010	1.6081506963480425
BSU16440	1.2387772507408568
BSU16330	1.411747779924906
BSU16930	1.8469426548332482
BSU09440	0.7038018186881662
BSU18000	
BSU29130	1.0582150016914458
BSU33040	1.7262792485480012
BSU07610	1.4601097775553284
BSU09430	0.960711135121714
BSU07590	1.3957385950825656
BSU29140	1.2542133082277942
BSU00860	1.443933614390437
BSU13700	0.8251826493498251
BSU34540	0.4274318976663284
BSU16150	1.0144588250362492
BSU28220	0.6744605620145168
BSU16160	1.0144588250362492
BSU22890	0.6701180775335561
BSU16140	1.0435666707863618
BSU16170	1.1323873859772056
BSU31680	0.7069126011740289
BSU28070	0.49417540646609415
BSU25590	1.42781286726847
BSU25580	1.300871475965767
BSU25570	1.16248467663122
BSU25600	1.0876987925256831
BSU35470	1.0582150016914458
BSU35460	0.9524567098409469
BSU35450	0.7739999499937269
BSU24730	0.7983882747716291
BSU24720	0.7328675332860309
BSU24710	0.7167911248677359
BSU24700	0.8399116485283573
BSU24690	0.9060506974992768
BSU24680	0.8168989140418925
BSU24670	0.6953979641557647
BSU10420	0.7173122113113659
BSU31690	0.5042003404502327
BSU31710	0.7298530664022822
BSU03500	1.8469426548332482
BSU31700	0.5733945656460983
BSU06300	1.0144588250362492
BSU36050	
BSU17700	1.1174298952715576
BSU22200	0.551509134177793
BSU17030	1.3797855589095749
BSU40530	1.1174298952715576
BSU36070	
BSU36060	
BSU06890	0.9939463188151938
BSU06900	
BSU17990	1.3322658616034606
BSU17980	0.9092716996147797
BSU17970	0.8989210007091746
BSU24620	0.5746113021696235
BSU30900	1.5748749825997468
BSU12090	0.9914992276438978
BSU11780	0.7087291665575508
BSU11770	0.8523840771101643
BSU11760	0.9101125379869365
BSU11750	1.1323873859772056
BSU11740	
BSU34740	0.9480538353458573
BSU19040	0.6410957431030331
BSU35180	1.0435666707863618
BSU08600	0.6240475584825858
BSU27760	0.29079278950645726
BSU00240	
BSU02070	0.4988304811908166
BSU26890	0.9907798476965027
BSU09100	1.4601097775553284
BSU05120	3.600080887645279
BSU21930	1.3322658616034606
BSU08930	0.7389078908938038
BSU35370	1.2542133082277942
BSU28710	1.34804893801963
BSU14870	1.0289811644797733
BSU14880	1.411747779924906
BSU14890	1.1025335922106547
BSU14900	1.4763411220855782
BSU14910	0.981585949071229
BSU14920	1.0876987925256831
BSU14930	1.508968411247998
BSU00520	0.3982916771283232
BSU19590	
BSU37150	1.411747779924906
BSU00830	0.8606384503822436
BSU25900	2.1501438481118647
BSU17410	0.8060739631426918
BSU01530	0.7369365380357581
BSU02600	0.573759503448441
BSU38760	0.9416737179587061
BSU38750	
BSU38730	1.0435666707863618
BSU26740	0.8028351297391301
BSU35060	1.3165399524919772
BSU00930	0.364805117735557
BSU15570	1.1323873859772056
BSU00730	0.5172304086771707
BSU00940	0.5065405582403806
BSU26650	
BSU00100	0.44848364192607393
BSU23190	1.192823007582393
BSU23480	0.974135303197723
BSU04640	0.5333334631586154
BSU16770	0.7606990141173741
BSU22490	0.37096166854434015
BSU16760	0.5479070462791615
BSU13540	1.269707882203211
BSU04560	1.0729258200133638
BSU39110	1.0435666707863618
BSU15720	0.7483928397787728
BSU10840	1.5418136325895337
BSU31720	0.9857486753740928
BSU21940	0.8678119510922948
BSU35500	1.2080818139511238
BSU35490	0.6754835731083011
BSU19630	0.9057707756134618
BSU39430	0.9255700750051852
BSU21810	1.192823007582393
BSU25310	0.5873121410575287
BSU19310	2.5435802556077185
BSU32000	
BSU31970	0.6552408087276558
BSU31990	0.7780040018896064
BSU31980	1.1174298952715576
BSU31960	1.0876987925256831
BSU05630	
BSU22400	2.1867328158910104
BSU15240	2.4480765167404157
BSU00620	2.0956171723557393
BSU15420	1.0876987925256831
BSU38500	1.192823007582393
BSU38510	0.8983625406973859
BSU38520	1.2852606959547999
BSU38530	1.692266596981353
BSU38540	2.1684146510521622
BSU00010	0.42732075332499375
BSU28990	0.6050378420889752
BSU40440	2.316273367333991
BSU22350	1.2542133082277942
BSU29230	1.5418136325895337
BSU25210	1.0144588250362492
BSU28980	0.8276319253774145
BSU25460	0.9572928605117789
BSU25470	0.48201979707755005
BSU00020	0.3245482540888342
BSU00190	0.632804751414795
BSU12920	0.6807339647334042
BSU12930	0.5451503558902523
BSU12950	0.5404857330977996
BSU12960	0.44161902542952547
BSU30650	2.20509818885424
BSU39420	0.5862096663449706
BSU23500	0.7460181241248286
BSU13650	1.0435666707863618
BSU17300	
BSU17290	1.223399991648671
BSU10040	0.9784316269087773
BSU10050	1.3957385950825656
BSU10060	0.9528831267946065
BSU24450	0.5493470125523161
BSU33900	1.2852606959547999
BSU38400	0.8842967797393793
BSU28520	1.5914861528325137
BSU28530	0.8277680613335147
BSU40880	1.1025335922106547
BSU05610	1.1323873859772056
BSU15900	1.192823007582393
BSU15910	1.42781286726847
BSU37120	0.8289935967017621
BSU40190	0.7680057752545835
BSU23040	1.0729258200133638
BSU01630	0.38207978382605723
BSU01620	1.8295523583368063
BSU01610	
BSU15980	1.7433632589376395
BSU33310	1.2080818139511238
BSU33290	0.753413726865259
BSU33320	
BSU33300	1.6584624363872555
BSU16180	0.7223988881401063
BSU16190	0.7897857111700048
BSU16290	0.9535939510207003
BSU35410	0.6242972436681687
BSU35400	0.8408690614559503
BSU35430	0.751430567455216
BSU16390	1.411747779924906
BSU16380	1.192823007582393
BSU16400	1.4763411220855782
BSU36400	0.9136185956770938
BSU36390	0.6373230054551406
BSU35340	0.7123665860653045
BSU16200	0.7028953009888219
BSU16210	0.5329766177049804
BSU16220	0.8369048163259138
BSU16230	0.8306285081642457
BSU16240	0.8234151133544901
BSU16250	0.8653267488867135
BSU16270	0.9659882928943927
BSU16300	1.3165399524919772
BSU16310	1.1776238619594184
BSU16350	0.840321927114587
BSU16360	1.223399991648671
BSU16370	1.3638889225164361
BSU35330	0.6817598849397394
BSU35320	0.700953970309518
BSU16320	1.1025335922106547
BSU16340	1.223399991648671
BSU15730	0.9835948662509993
BSU37310	
BSU00780	0.6641294258838976
BSU28080	0.9025535882279343
BSU24310	1.0876987925256831
BSU00790	0.4958031589407864
BSU16520	0.7290673109289928
BSU14400	0.8016215999252826
BSU14390	0.9963952587356534
BSU14380	0.8646368031295153
BSU15280	0.9235983195129883
BSU35260	0.6735658177245183
BSU00690	1.5253638945937036
BSU15150	1.3957385950825656
BSU35250	0.5848630609490257
BSU15950	1.2387772507408568
BSU15290	1.8469426548332482
BSU01120	1.3797855589095749
BSU06310	0.734048144908738
BSU38860	0.6363180964660476
BSU29020	3.2217510013639887
BSU31060	
BSU31050	0.893619929492413
BSU00500	0.39818291533749967
BSU03930	1.0435666707863618
BSU33050	3.1805168339962058
BSU33060	1.6584624363872555
BSU33070	1.2080818139511238
BSU35800	1.5253638945937036
BSU35810	1.5748749825997468
BSU35820	
BSU22760	0.578144310111102
BSU22750	0.6533408920685051
BSU22740	0.6309250589657803
BSU01550	0.9038120694302683
BSU28410	0.5594591642735658
BSU03700	
BSU03720	0.7841558446067268
BSU03710	1.42781286726847
BSU28380	1.2542133082277942
BSU35690	0.4857145161533221
BSU35680	0.36448753669451617
BSU18410	1.3165399524919772
BSU16130	1.0144588250362492
BSU41010	0.7261884302751456
BSU41000	0.6731824671823216
BSU24850	0.7339169374560431
BSU36300	0.8328099267698134
BSU13880	1.0729258200133638
BSU30950	0.8523840771101643
BSU30980	1.300871475965767
BSU30970	
BSU30960	
BSU30940	1.508968411247998
BSU01780	0.4927814980544533
BSU17460	1.8469426548332482
BSU27440	
BSU27450	
BSU27460	1.269707882203211
BSU27430	0.9455002022269889
BSU17450	3.5148983924404673
BSU09300	4.554041802990254
BSU09280	2.6401973126354563
BSU09290	2.4291108158880794
BSU09270	1.1025335922106547
BSU02130	
BSU02140	1.1323873859772056
BSU18450	
BSU18440	0.6453797620992116
BSU18460	0.8086408747729185
BSU02340	2.5243899233020812
BSU26670	
BSU10220	1.1323873859772056
BSU00920	0.6042960482623384
BSU08180	
BSU08200	
BSU36900	0.35899630644529573
BSU25270	0.903392516050059
BSU25260	0.8723738307084347
BSU40060	0.7216156049373842
BSU40070	0.8574713890826205
BSU40050	
BSU40080	0.6552408087276558
BSU25540	
BSU22830	1.2542133082277942
BSU27320	0.8464834819063378
BSU18100	0.8943168886840782
BSU18090	0.7378563013195327
BSU06030	0.4309931970972748
BSU06020	0.12037284107734599
BSU25480	0.3868138238612995
BSU08710	1.3638889225164361
BSU04400	0.9617088354320878
BSU38430	2.56281512112143
BSU06360	0.45255010395480055
BSU00090	0.3056212887426692
BSU06150	1.1323873859772056
BSU06140	1.34804893801963
BSU00070	1.7776856665577871
BSU00060	1.0876987925256831
BSU35360	0.6872823186476886
BSU22790	0.7793400937817984
BSU28170	1.192823007582393
BSU28130	0.9940903222490375
BSU28150	0.8740345152269541
BSU28140	0.6505574124301705
BSU10120	1.0289811644797733
BSU10130	0.7502414416932247
BSU28120	1.5583174024600557
BSU25500	0.8113455911333133
BSU28160	0.7025069033428196
BSU10140	1.9700755750823085
BSU29290	
BSU34880	0.47224786902415256
BSU34900	0.48305806169771437
BSU22620	1.6753383535554418
BSU34910	0.47167496504155415
BSU34870	0.3940567245925337
BSU34920	0.7935458132639158
BSU34890	0.34496443128167137
BSU34860	0.39481582090951456
BSU29340	1.223399991648671
BSU27560	0.24844946681042657
BSU34930	0.5086495944750731
BSU10030	0.9784316269087773
BSU13040	
BSU00310	0.6902417848120235
BSU32260	2.1867328158910104
BSU09990	0.6811186295213898
BSU00680	0.8296746898166356
BSU25490	0.4651589708612896
BSU39820	0.4926653936876524
BSU12900	0.5726649034894433
BSU39380	2.1501438481118647
BSU39350	
BSU39370	1.6753383535554418
BSU39390	1.9523363156428246
BSU39340	0.8525214498727037
BSU39360	1.1776238619594184
BSU15430	0.4873336756074017
BSU21770	0.7057455642682956
BSU28310	0.4195627359129975
BSU28290	
BSU21870	0.3013187251252024
BSU28300	0.38498264293359447
BSU01390	1.1776238619594184
BSU16630	1.1025335922106547
BSU28870	0.7089887925356383
BSU39760	0.8872157319219516
BSU39750	1.269707882203211
BSU39740	
BSU39730	0.9317754134763352
BSU39720	
BSU39710	1.223399991648671
BSU39700	
BSU39690	
BSU39680	
BSU39670	1.1174298952715576
BSU39770	0.5863321324727028
BSU39780	0.7243582366266783
BSU11130	1.3322658616034606
BSU13190	0.9169883007370728
BSU13200	0.5862096663449706
BSU41030	0.9394084193061828
BSU31460	0.533214506264613
BSU31470	1.3322658616034606
BSU08820	0.18785540338800263
BSU39050	1.269707882203211
BSU38630	1.269707882203211
BSU01560	1.692266596981353
BSU17000	1.411747779924906
BSU22100	1.223399991648671
BSU22110	1.692266596981353
BSU22120	1.492627410783256
BSU22090	1.4763411220855782
BSU22140	1.7949236765349494
BSU22130	1.492627410783256
BSU13990	0.6861253294169826
BSU31450	0.7145778044348202
BSU14490	1.3797855589095749
BSU00420	0.9422403041418133
BSU34130	0.970273576132245
BSU34170	
BSU28560	1.934646375304532
BSU03050	1.5914861528325137
BSU03060	0.515228204464509
BSU25510	
BSU28280	0.43579294378905653
BSU28270	0.4462293693970505
BSU28260	0.7638847828318291
BSU28250	0.8156788962179919
BSU30320	
BSU27070	0.9945223732079862
BSU27060	
BSU27050	0.966131041734814
BSU27040	1.1323873859772056
BSU27080	
BSU17850	1.5418136325895337
BSU34990	1.0582150016914458
BSU38570	0.9439406892450861
BSU38590	0.9581470786699059
BSU38580	1.7092469612779397
BSU38560	0.667185399780516
BSU38600	1.3322658616034606
BSU39080	0.7491849265564592
BSU32330	0.5568476031239786
BSU08350	0.29554501993926807
BSU02680	1.300871475965767
BSU02670	0.7069126011740289
BSU28200	0.5977556784389949
BSU28210	2.1501438481118647
BSU07100	0.8101281256580573
BSU07110	
BSU07120	0.8434694405453101
BSU07130	1.2542133082277942
BSU05050	
BSU05060	
BSU04250	0.827495796088014
BSU15450	1.0582150016914458
BSU23380	0.4857145161533221
BSU00820	0.6410957431030331
BSU35640	0.77319990075821
BSU35630	
BSU35620	0.8555453680683958
BSU35780	0.5212419560638495
BSU09420	0.5748547447063865
BSU35650	1.0144588250362492
BSU28930	1.0144588250362492
BSU28920	0.7680057752545835
BSU28050	2.4670874134096357
BSU29880	1.0
BSU01380	1.34804893801963
BSU36410	2.48614336904787
BSU31240	0.6475250518765857
BSU31260	0.6818881585380429
BSU13950	0.873480845584926
BSU29120	1.1025335922106547
BSU03070	0.522187230651801
BSU11520	0.7368051716475882
BSU11300	0.8269513473328165
BSU30300	1.0876987925256831
BSU30800	2.1501438481118647
BSU30820	1.4763411220855782
BSU30790	1.7092469612779397
BSU30830	1.5583174024600557
BSU21910	0.4356811367153005
BSU13180	
BSU30550	1.4763411220855782
BSU00380	0.4592388784254765
BSU00550	0.5838843083027881
BSU17330	0.8299471748300341
BSU28000	0.8930624819181175
BSU27990	0.9558696830726521
BSU24170	0.9276841015131967
BSU24160	1.7092469612779397
BSU24150	1.1474057494228085
BSU24140	1.0289811644797733
BSU24130	0.9664165592141223
BSU37570	1.864383342561946
BSU29460	0.875834682029369
BSU14310	0.8891633389438262
BSU14300	0.6113543512330459
BSU14260	1.2387772507408568
BSU14290	1.269707882203211
BSU14280	1.16248467663122
BSU14270	1.2852606959547999
BSU13690	0.7184850808351021
BSU13680	0.8456611436788012
BSU02240	0.8126989875576448
BSU15190	0.9200805384289595
BSU28030	1.4601097775553284
BSU14470	1.4763411220855782
BSU28020	1.34804893801963
BSU28010	0.7622913883363261
BSU32990	2.20509818885424
BSU30270	0.8918086146412246
BSU30260	1.300871475965767
BSU38810	0.5833951207828079
BSU36600	1.300871475965767
BSU20250	
BSU03981	0.7612296923726755
BSU03990	1.0144588250362492
BSU07340	0.5600628603094359
BSU22770	0.6044196612000827
BSU36760	0.6986265491273955
BSU15230	3.367345690197325
BSU29790	1.7949236765349494
BSU15200	0.8759732036099255
BSU15180	0.7398284085575179
BSU04570	1.508968411247998
BSU15220	2.241969951460137
BSU37100	1.5253638945937036
BSU17050	
BSU29080	1.300871475965767
BSU17040	1.34804893801963
BSU04330	0.6910144601654945
BSU27850	
BSU27870	
BSU27860	0.378862304340368
BSU03130	0.8103986247909933
BSU35010	1.1323873859772056
BSU35020	0.7820143877099532
BSU05440	1.3322658616034606
BSU36700	1.4763411220855782
BSU37270	
BSU37250	1.1025335922106547
BSU37260	1.411747779924906
BSU37320	2.041522422371882
BSU36710	1.9170059330024374
BSU03330	
BSU03320	1.7949236765349494
BSU03310	1.16248467663122
BSU03300	
BSU03290	0.8595364574620481
BSU03280	1.7776856665577871
BSU02750	0.6383284003350554
BSU02760	0.7892490012395124
BSU01830	1.6416390492129653
BSU22730	0.9864669326001748
BSU27880	0.5578904896326533
BSU29590	0.5976324853214384
BSU03420	1.1174298952715576
BSU11100	1.4763411220855782
BSU14700	0.6082555079224187
BSU17380	0.41042068965783735
BSU17390	0.4413945064401898
BSU36510	1.508968411247998
BSU36520	1.6416390492129653
BSU22340	1.1474057494228085
BSU03430	0.7536782689812109
BSU25750	
BSU39410	0.8462093418424644
BSU16600	1.0729258200133638
BSU01010	0.6179398520752984
BSU27920	1.508968411247998
BSU19370	1.0435666707863618
BSU19360	1.6416390492129653
BSU11430	0.4875651190141438
BSU11440	0.5456294738095663
BSU11450	0.5913599816494327
BSU11460	0.8470318438431662
BSU11470	0.5145221135349961
BSU02980	0.5917283900325689
BSU02990	0.5775346970033042
BSU03000	0.3737317432357822
BSU33720	1.16248467663122
BSU33710	0.7196585381750431
BSU33700	
BSU33830	1.16248467663122
BSU33820	0.7871032812958705
BSU33810	0.8881893710844544
BSU33800	1.2542133082277942
BSU30070	0.54610872119054
BSU06660	
BSU00750	
BSU00740	0.5464682407286338
BSU00760	0.6541006554183202
BSU34400	
BSU32150	
BSU32140	1.1776238619594184
BSU22430	1.2080818139511238
BSU22420	1.7776856665577871
BSU22410	2.4670874134096357
BSU22450	1.6248683985589283
BSU14000	
BSU31440	1.2387772507408568
BSU18350	1.2387772507408568
BSU25000	
BSU15160	1.492627410783256
BSU04140	0.9233167453085899
BSU31490	0.40921373908163206
BSU34440	1.1474057494228085
BSU10110	0.9560119710407335
BSU16950	0.962706853676519
BSU22060	1.0582150016914458
BSU30560	1.5253638945937036
BSU02650	0.6176909496990326
BSU14580	0.7212240608254776
BSU14590	0.765877961595579
BSU14600	0.8584348978159498
BSU14610	0.823551035823507
BSU39400	1.2387772507408568
BSU07560	0.5144044604119475
BSU18650	1.223399991648671
BSU18800	0.44195586890302374
BSU38920	1.8469426548332482
BSU29190	0.9307873500988226
BSU31350	0.458898045356944
BSU33930	0.7700022446567656
BSU33910	0.8716821651695988
BSU16920	1.16248467663122
BSU27900	2.077537383395981
BSU27910	1.7604987964997776
BSU28640	0.6356902757967599
BSU28630	0.8317189979977802
BSU09410	0.8318553403913134
BSU05740	0.9701306391665898
BSU02620	1.34804893801963
BSU25340	1.3322658616034606
BSU29110	0.9004573158403542
BSU29100	1.0435666707863618
BSU12440	1.1025335922106547
BSU03780	0.6366948802898794
BSU25840	0.6363180964660476
BSU37470	0.465957681598751
BSU40310	0.7646818630084561
BSU05020	
BSU18920	0.6334316966849287
BSU17080	0.8947351448897052
BSU17090	
BSU17100	0.9440824306925261
BSU17110	0.5197070061061594
BSU17120	0.5495871192164126
BSU17140	1.1174298952715576
BSU17150	1.2080818139511238
BSU17160	1.6584624363872555
BSU17170	1.492627410783256
BSU17180	2.6401973126354563
BSU17190	2.391315538431286
BSU17200	2.023587576276168
BSU17210	1.4404268683305528
BSU17220	1.2852606959547999
BSU17230	0.599851153525376
BSU15890	1.269707882203211
BSU35790	2.6401973126354563
BSU34390	0.8177125696290846
BSU23490	1.3322658616034606
BSU16690	
BSU29090	0.933752505754271
BSU16580	1.6248683985589283
BSU22320	0.6797085191613893
BSU23360	1.0582150016914458
BSU18830	
BSU18340	1.1025335922106547
BSU18330	1.3165399524919772
BSU18320	2.0595057441718208
BSU18310	1.8818742373630444
BSU18300	1.7604987964997776
BSU37010	1.2080818139511238
BSU35290	2.0057013758908875
BSU08970	0.9698447857297755
BSU13130	1.34804893801963
BSU13120	0.8694699672824717
BSU18480	0.8449760493425287
BSU18470	0.7641504477983673
BSU16570	1.508968411247998
BSU00510	0.36110529040606354
BSU09950	1.1776238619594184
BSU02290	1.1474057494228085
BSU02270	1.3797855589095749
BSU37660	0.6408440143648235
BSU13890	1.1174298952715576
BSU13900	1.5748749825997468
BSU13910	
BSU40420	3.794010860291895
BSU06440	0.5327387617591027
BSU06450	0.631551432838363
BSU06530	1.5583174024600557
BSU06420	0.7629551786508646
BSU06490	1.1323873859772056
BSU06520	0.9667021021026273
BSU06430	1.2080818139511238
BSU06480	0.462537599091949
BSU06500	1.0435666707863618
BSU06510	1.1776238619594184
BSU06470	0.914881789368142
BSU00470	0.9802951678332914
BSU02230	1.0729258200133638
BSU14860	1.8122126368665468
BSU29180	1.42781286726847
BSU15510	3.32554596623553
BSU15520	3.6429061246462706
BSU15490	3.4303447179910487
BSU15500	3.0781480540780772
BSU15540	3.409305244767116
BSU15530	4.168708072249858
BSU15560	2.6986952919077516
BSU15550	2.4291108158880794
BSU15480	3.5148983924404673
BSU15470	4.280954047295647
BSU22560	1.0144588250362492
BSU22550	1.864383342561946
BSU22540	1.0289811644797733
BSU38170	0.28439530290347637
BSU38160	0.44521608428949017
BSU38150	0.573516203561092
BSU38140	0.8653267488867135
BSU27720	1.0435666707863618
BSU28390	1.0729258200133638
BSU34430	1.34804893801963
BSU12430	1.0435666707863618
BSU36690	0.4479197468990678
BSU03770	0.6292973811415618
BSU36380	1.2387772507408568
BSU25830	1.0435666707863618
BSU37460	0.2985271397043199
BSU40300	0.7147079416162815
BSU06830	
BSU05010	
BSU02820	1.1776238619594184
BSU18910	0.9599986862603438
BSU16650	1.223399991648671
BSU35940	1.0144588250362492
BSU35960	1.0144588250362492
BSU35950	0.9550160885443609
BSU35930	1.2080818139511238
BSU35920	1.508968411247998
BSU35910	1.5418136325895337
BSU16940	1.6081506963480425
BSU00040	1.9170059330024374
BSU24240	1.7949236765349494
BSU19220	0.9861969000746322
BSU00210	0.769203465459577
BSU27600	0.5121706242346137
BSU23150	1.0435666707863618
BSU23140	0.506657656090485
BSU23130	0.8540329985088202
BSU23120	0.922612925585918
BSU23110	1.2387772507408568
BSU37080	1.1174298952715576
BSU23260	1.0289811644797733
BSU23270	0.9692731560769455
BSU16670	0.8385444959473475
BSU23280	1.300871475965767
BSU23250	0.9419569981217772
BSU29300	1.2080818139511238
BSU23240	1.934646375304532
BSU23510	0.7830848911907429
BSU15930	0.9728475377827598
BSU16060	1.2852606959547999
BSU41050	0.758444901674108
BSU37780	1.7092469612779397
BSU37770	2.1501438481118647
BSU37760	1.4601097775553284
BSU40340	3.9030892657591267
BSU40330	3.32554596623553
BSU40320	1.7776856665577871
BSU40350	0.8006781323036883
BSU28370	0.7305080609595807
BSU01030	0.5704776292395626
BSU01190	0.8223279767708579
BSU01160	0.6330555063028965
BSU01170	0.6711390644035377
BSU01280	0.9276841015131967
BSU01310	1.34804893801963
BSU40500	0.8401851607260521
BSU01040	0.692302842796051
BSU01020	0.5656262265749497
BSU01050	2.2790287377705636
BSU01490	0.6335571083043922
BSU01260	0.8863814442869773
BSU01350	1.3957385950825656
BSU01230	0.9250065846079196
BSU01440	1.1474057494228085
BSU01320	1.269707882203211
BSU16040	0.966559327846393
BSU28850	0.809587210403681
BSU27960	0.7873713977991446
BSU01210	0.8862424200565178
BSU01180	0.6417251963482651
BSU01270	0.9864669326001748
BSU27940	1.2080818139511238
BSU15820	1.192823007582393
BSU01240	0.7760011840208639
BSU01340	1.492627410783256
BSU37070	0.7917993699729933
BSU15080	0.8485404008535173
BSU00990	0.6563815703624624
BSU41060	0.9535939510207003
BSU28860	1.0289811644797733
BSU01400	1.1174298952715576
BSU01430	1.1323873859772056
BSU01070	1.7262792485480012
BSU01080	1.2542133082277942
BSU37160	0.39481582090951456
BSU16490	0.9503255052205164
BSU01220	0.7961004306007384
BSU29660	2.0956171723557393
BSU01330	1.6416390492129653
BSU40910	0.5397691914693821
BSU01110	1.1776238619594184
BSU01300	1.0582150016914458
BSU01500	0.7979843908994592
BSU01150	0.5146397745256598
BSU01420	1.3957385950825656
BSU01100	0.9261336706500316
BSU01410	1.3165399524919772
BSU01290	1.0582150016914458
BSU16680	0.6661662633021184
BSU15990	1.508968411247998
BSU01250	0.9705594686009985
BSU40890	1.0289811644797733
BSU01200	0.7774697620026144
BSU25550	0.7483928397787728
BSU25410	1.4601097775553284
BSU04670	0.37117452655771005
BSU04680	0.5155813613541556
BSU04690	1.0582150016914458
BSU04700	0.5760724303824545
BSU04720	1.2387772507408568
BSU04740	1.4763411220855782
BSU18490	1.300871475965767
BSU27740	1.3165399524919772
BSU27730	1.2852606959547999
BSU38040	1.7776856665577871
BSU34450	1.1474057494228085
BSU27030	1.6248683985589283
BSU38050	1.0289811644797733
BSU38070	
BSU04830	0.9379934583882165
BSU38410	1.16248467663122
BSU38420	1.7949236765349494
BSU06650	0.9988460483148919
BSU10640	2.718281828459045
BSU37350	1.1174298952715576
BSU15270	1.0289811644797733
BSU28440	1.34804893801963
BSU28430	1.0582150016914458
BSU28450	0.5006962566036648
BSU35300	1.8994151614004477
BSU01000	0.9313519181202111
BSU27650	1.411747779924906
BSU01360	
BSU08810	0.6557477384763519
BSU23070	0.4110794854207639
BSU10020	0.22773955467756607
BSU00130	0.5864546060049635
BSU03569	
BSU25200	1.411747779924906
BSU04730	1.3797855589095749
BSU16470	0.8958507863203469
BSU15320	1.6584624363872555
BSU23450	1.2080818139511238
BSU15330	1.443933614390437
BSU00980	0.575219967595084
BSU34200	1.3322658616034606
BSU27120	1.0582150016914458
BSU01730	1.0729258200133638
BSU23100	1.0144588250362492
BSU38700	1.1323873859772056
BSU26840	
BSU24600	1.269707882203211
BSU24610	1.864383342561946
BSU23310	0.5858423159644442
BSU14410	1.0289811644797733
BSU04010	1.16248467663122
BSU10490	1.1776238619594184
BSU24630	0.5309558793121365
BSU22930	
BSU14620	0.7353606189982185
BSU34380	0.6541006554183202
BSU16510	0.761362379419732
BSU15940	1.0
BSU16110	0.7883100279620815
BSU00870	1.192823007582393
BSU25020	0.8183908056097671
BSU19330	0.6609507019006723
BSU40970	0.568535542475501
BSU13920	1.0289811644797733
BSU13930	1.3957385950825656
BSU23180	1.3165399524919772
BSU23170	
BSU24220	0.7371992916886051
BSU27930	1.7776856665577871
BSU13640	0.7939490067771352
BSU37130	0.891530050902247
BSU40960	0.45617417713381947
BSU23470	0.9371447961865076
BSU23460	1.192823007582393
BSU28060	0.8534832491579909
BSU36750	
BSU15310	1.3638889225164361
BSU24430	1.192823007582393
BSU24420	1.0729258200133638
BSU24410	
BSU24400	1.4601097775553284
BSU24390	0.8912515144610856
BSU24380	1.7949236765349494
BSU24370	
BSU24360	
BSU26390	1.6416390492129653
BSU36420	0.7013421048187607
BSU16800	1.16248467663122
BSU41040	0.5558411866804227
BSU23530	
BSU25530	
BSU36550	
BSU36970	
BSU12830	0.8736192526015149
BSU22800	1.1323873859772056
BSU24230	1.5418136325895337
BSU25770	0.782683400025845
BSU25760	
BSU27980	
BSU27970	1.269707882203211
BSU23440	
BSU23430	1.1323873859772056
BSU23420	
BSU23410	0.923879919533916
BSU23390	1.492627410783256
BSU27670	1.1474057494228085
BSU00530	0.6659115540416127
BSU15170	1.1776238619594184
BSU15210	1.7949236765349494
BSU16730	0.9718463034959227
BSU16740	
BSU00490	0.42787656394237183
BSU28110	
BSU17420	1.3322658616034606
BSU15810	
BSU09400	0.8787450446172914
BSU16980	1.223399991648671
BSU00560	0.7722668307415717
BSU37910	
BSU37900	0.9528831267946065
BSU37890	
BSU37880	0.7412756467079555
BSU37870	1.34804893801963
BSU37860	0.9063306451687642
BSU37850	
BSU37840	0.7592402361505112
BSU37830	0.9024137907972573
BSU37820	1.4763411220855782
BSU19320	1.6081506963480425
BSU03480	1.7433632589376395
BSU03490	3.242429106079085
BSU03510	3.8593441009319527
BSU03520	2.7575849898159497
BSU40900	0.7628224062486506
BSU29570	0.5237244226364136
BSU09750	0.5039665017003069
BSU19950	0.7140573283921612
BSU13470	
BSU08660	0.577290906970386
BSU00450	1.7092469612779397
BSU08850	1.0289811644797733
BSU16090	1.2542133082277942
BSU16100	0.7022480077180199
BSU00770	
BSU21480	1.223399991648671
BSU21470	
BSU35750	1.508968411247998
BSU35760	1.934646375304532
BSU35770	1.7949236765349494
BSU35740	1.1174298952715576
BSU35730	1.0876987925256831
BSU35720	0.7653462914630225
BSU35710	0.866707146700586
BSU35530	1.411747779924906
BSU16990	1.42781286726847
BSU37060	0.6002211766154916
BSU11650	0.6138369020265341
BSU11660	0.7580473297391219
BSU40770	0.8194763428501394
BSU40780	0.7527524950845613
BSU31270	1.1474057494228085
BSU27710	1.2387772507408568
BSU41020	0.5489869122554644
BSU38020	0.6524548438549843
BSU38300	1.443933614390437
BSU32240	1.3797855589095749
BSU32250	2.1867328158910104
BSU28950	0.9470605046226308
BSU37560	0.6807339647334042
BSU17680	0.6216770762962844
BSU21820	1.6081506963480425
BSU28230	1.1474057494228085
BSU17890	0.5713279305409399
BSU18030	0.8777745948412847
BSU31250	0.7712008889518023
BSU31230	0.47810365812446776
BSU03440	1.5583174024600557
BSU00280	0.7845575677878016
BSU03140	
BSU13310	1.8295523583368063
BSU16120	0.5727864943003134
BSU04260	1.1323873859772056
BSU33920	0.8867985573903883
BSU07810	
BSU07800	0.9658455506578694
BSU07820	1.2387772507408568
BSU26640	
BSU16030	1.5583174024600557
BSU22630	1.1474057494228085
BSU22640	2.7773013727134
BSU22660	1.3797855589095749
BSU22670	0.9692731560769455
BSU22680	1.1025335922106547
BSU22650	1.6753383535554418
BSU11420	0.664383925862295
BSU01480	2.0057013758908875
BSU16660	1.300871475965767
BSU28500	0.6049141904364657
BSU34790	0.7612296923726755
BSU16500	0.7394338575163735
BSU35600	1.5748749825997468
BSU35590	2.1867328158910104
BSU35580	1.2080818139511238
BSU35570	0.9649892312807269
BSU35560	
BSU35550	1.0582150016914458
BSU35540	1.3638889225164361
BSU01130	1.6584624363872555
BSU22610	0.7805431784751067
BSU29670	0.8985021454035945
BSU38460	1.0876987925256831
BSU27330	0.7205716331796171
BSU37970	0.8362219062682368
BSU36890	0.9516040524479819
BSU36660	0.7950244953829708
BSU36650	1.192823007582393
BSU36640	1.2852606959547999
BSU36430	
BSU35160	1.3165399524919772
BSU35170	0.8879111555958287
BSU28490	1.4601097775553284
BSU21500	2.679152277180772
BSU28090	0.8412794838249237
BSU00440	3.1805168339962058
BSU38090	0.6161981821015002
BSU39230	0.3299756655493962
BSU10770	0.34923952120609375
BSU12790	
BSU12800	0.9046513555439832
BSU12500	
BSU12520	
BSU12530	1.443933614390437
BSU12540	0.5071261316281461
BSU12590	0.9133379587099383
BSU12600	0.9297996073693948
BSU12610	0.9574352138422966
BSU12620	1.2852606959547999
BSU12630	0.614830785846488
BSU12640	1.0
BSU12650	0.9853177972934314
BSU12660	0.8341742054493423
BSU12671	
BSU12680	1.3638889225164361
BSU12690	0.966559327846393
BSU12700	
BSU12710	0.9695589583474467
BSU12720	
BSU12730	1.0876987925256831
BSU12740	
BSU12750	1.411747779924906
BSU12760	1.0
BSU12770	0.9212057796597319
BSU12780	1.1025335922106547
BSU12810	1.0
BSU12460	1.0729258200133638
BSU00250	1.192823007582393
BSU12560	
BSU22070	0.9025535882279343
BSU12510	0.9575775739776681
BSU28510	
BSU12570	
BSU12580	
BSU12550	
BSU17600	1.5583174024600557
BSU17610	1.0876987925256831
BSU17590	1.1174298952715576
BSU18840	1.492627410783256
BSU17580	1.1025335922106547
BSU18160	1.411747779924906
BSU00030	0.9486215965844076
BSU00050	1.3322658616034606
BSU00080	
BSU00110	0.5078290940723609
BSU00120	0.4373591678776408
BSU00140	1.4601097775553284
BSU00150	0.9426653117104202
BSU00160	
BSU00170	
BSU00180	0.5425175179157111
BSU00200	0.9022739987790124
BSU00220	0.7214850829744716
BSU00260	1.692266596981353
BSU00270	1.0582150016914458
BSU00290	0.5495871192164126
BSU00300	0.804858931735528
BSU00320	0.8047239625766162
BSU00330	1.1174298952715576
BSU00340	0.7656121125335164
BSU00360	1.1025335922106547
BSU00390	0.9731336622074667
BSU00400	0.7079504631772583
BSU00410	0.4688136491791189
BSU00430	0.873480845584926
BSU00460	2.0956171723557393
BSU00480	0.6086271140499935
BSU00540	0.4688136491791189
BSU00570	1.0289811644797733
BSU00580	0.9489055159740325
BSU00590	1.0144588250362492
BSU00600	1.1174298952715576
BSU00610	1.0289811644797733
BSU00630	2.48614336904787
BSU00650	0.9035323602901968
BSU00660	0.9422403041418133
BSU00670	0.8399116485283573
BSU00700	1.0
BSU00710	0.9884789079792212
BSU00720	0.9348828496831315
BSU00810	0.7677396996749869
BSU00840	0.891530050902247
BSU00850	0.8486775827397876
BSU00880	1.4763411220855782
BSU00890	1.2080818139511238
BSU00900	1.223399991648671
BSU00910	0.9462093331594816
BSU00960	0.47614926879704383
BSU00970	0.5166412776379227
BSU00350	0.8351296071772742
BSU00800	0.9419569981217772
BSU00950	0.6129676577753794
BSU01140	0.9662737971758265
BSU01460	2.1501438481118647
BSU01470	2.2235106173076353
BSU01510	0.47614926879704383
BSU01520	
BSU01540	1.5253638945937036
BSU01570	1.6584624363872555
BSU01580	1.692266596981353
BSU01590	0.6343097399683918
BSU01600	
BSU01640	0.6282963750796209
BSU01650	0.8177125696290846
BSU01660	
BSU01670	0.8563706433394963
BSU01680	0.8912515144610856
BSU01690	
BSU01700	
BSU01710	
BSU01720	
BSU01740	1.3797855589095749
BSU01750	0.990492140258702
BSU01760	0.6627302111192586
BSU01770	0.6024427848687681
BSU01790	
BSU01845	2.316273367333991
BSU01860	5.258914086484467
BSU01870	5.919243040854497
BSU01880	6.758038343026774
BSU01890	
BSU01900	0.42821015695019077
BSU01910	1.0729258200133638
BSU01920	0.6415992906665725
BSU01935	0.748788851064083
BSU01950	0.7830848911907429
BSU01960	1.0144588250362492
BSU01970	1.16248467663122
BSU01980	1.1323873859772056
BSU01990	1.5418136325895337
BSU02000	0.9487635532488978
BSU02010	0.6227995914572185
BSU02030	0.8815195705258663
BSU02040	0.9497574317415297
BSU02050	0.9682730529390573
BSU02100	
BSU02120	1.2852606959547999
BSU02150	
BSU02160	0.911374242516035
BSU02170	0.9197992934801046
BSU02180	
BSU02190	0.7034132676153082
BSU02200	0.7548690624438813
BSU02210	1.0876987925256831
BSU02220	1.0582150016914458
BSU02250	1.0289811644797733
BSU02260	1.7433632589376395
BSU02280	1.5253638945937036
BSU02300	1.1323873859772056
BSU02310	1.692266596981353
BSU02320	1.508968411247998
BSU02330	0.8246386678101124
BSU02350	1.2542133082277942
BSU02360	0.6080078092118605
BSU02370	0.795696902026575
BSU02380	1.6081506963480425
BSU02390	0.948479646932677
BSU02400	0.7680057752545835
BSU02410	0.649798914670596
BSU02420	
BSU02430	1.864383342561946
BSU01450	2.0595057441718208
BSU01060	0.7974459770450525
BSU01090	0.6942367974311255
BSU02060	2.1501438481118647
BSU02080	0.7315564268105401
BSU02090	0.6815033603795269
BSU02110	0.9251474470099217
BSU02440	
BSU02450	
BSU02460	0.9347415341243506
BSU02470	0.9838819565319886
BSU02480	0.978861577670939
BSU02490	0.9886226679773096
BSU02500	0.6200567635629707
BSU02510	1.1025335922106547
BSU02520	1.3797855589095749
BSU02540	0.795158962886065
BSU02550	0.45980710610438613
BSU02570	1.0144588250362492
BSU02580	0.6740770554574356
BSU02590	1.0876987925256831
BSU02610	0.7948900347215659
BSU02640	1.3638889225164361
BSU02660	0.961138682317072
BSU02690	3.493700794646558
BSU02720	0.7838880642628586
BSU02730	0.6908856629286948
BSU02740	0.8849915004779886
BSU02770	1.2542133082277942
BSU02780	1.192823007582393
BSU02790	1.4763411220855782
BSU02800	1.0582150016914458
BSU02810	1.0289811644797733
BSU02830	3.32554596623553
BSU02840	2.0595057441718208
BSU02850	0.5536738605248607
BSU02860	0.9146010332774172
BSU02870	0.7335233567716062
BSU02880	0.9050710880822522
BSU02890	1.7776856665577871
BSU02900	1.300871475965767
BSU02910	1.3797855589095749
BSU02920	2.0595057441718208
BSU02930	1.1776238619594184
BSU02940	1.3322658616034606
BSU02950	0.5148751216268207
BSU02960	0.6832996537005076
BSU02970	
BSU03020	
BSU03030	
BSU03080	1.0435666707863618
BSU03090	1.0582150016914458
BSU03100	1.0435666707863618
BSU03110	
BSU03120	
BSU03160	1.0729258200133638
BSU03170	0.8425111200249952
BSU03190	0.87985453263318
BSU03200	0.7040608900612492
BSU03210	1.192823007582393
BSU03220	0.6822730225010324
BSU03230	0.8693317621049059
BSU03240	0.961138682317072
BSU03250	1.0144588250362492
BSU03260	
BSU03270	1.0876987925256831
BSU03340	0.42910012786523577
BSU03350	0.49254929746680615
BSU03360	1.5914861528325137
BSU03370	1.7949236765349494
BSU03380	1.3638889225164361
BSU03390	1.5583174024600557
BSU03400	
BSU03410	0.9969717494284935
BSU03450	1.34804893801963
BSU03460	0.8823524523124937
BSU03470	1.0729258200133638
BSU03590	1.2542133082277942
BSU03600	0.6964306116925352
BSU03610	1.3165399524919772
BSU03620	
BSU03630	1.1776238619594184
BSU03640	
BSU03652	
BSU03660	0.8698846233212753
BSU03670	0.4119583845945271
BSU03680	
BSU03730	2.023587576276168
BSU03740	0.872235484062368
BSU03750	1.3165399524919772
BSU03760	
BSU03790	0.8830467043220475
BSU03800	2.1501438481118647
BSU03810	0.7370679108929277
BSU03820	0.46287925927886864
BSU03830	0.4037413749606548
BSU03840	0.9861796107152332
BSU03850	0.5975093002653216
BSU03860	0.5870670921543352
BSU03870	1.223399991648671
BSU03890	1.411747779924906
BSU03900	
BSU03910	0.8196120659264295
BSU03940	0.6632389111922614
BSU03950	1.0582150016914458
BSU03960	0.6356902757967599
BSU03970	1.4763411220855782
BSU04000	1.0435666707863618
BSU04030	1.0435666707863618
BSU04040	0.7693365776359634
BSU04050	2.3724862359765595
BSU04060	
BSU04070	2.391315538431286
BSU04080	1.5748749825997468
BSU04110	0.8344471426751315
BSU04150	1.0289811644797733
BSU04100	1.2852606959547999
BSU03530	3.0781480540780772
BSU03540	1.1776238619594184
BSU03550	1.4601097775553284
BSU03560	
BSU03920	0.946776754775853
BSU02530	0.9157242149705075
BSU02630	
BSU02710	0.5386949261678606
BSU03580	
BSU03690	0.9719893182857837
BSU03880	
BSU04020	0.6632389111922614
BSU04120	0.5993578978841895
BSU04130	0.5412025667474815
BSU04160	1.1323873859772056
BSU04170	
BSU04180	1.3797855589095749
BSU04190	2.9969970289718977
BSU04200	1.2852606959547999
BSU04210	0.5509082836720381
BSU04220	0.8173057108710535
BSU04230	3.772309313772564
BSU04270	
BSU04280	1.3797855589095749
BSU04290	
BSU04300	1.192823007582393
BSU04310	1.5418136325895337
BSU04320	1.2542133082277942
BSU04340	3.388305537552338
BSU04360	0.4585572896168289
BSU04370	1.16248467663122
BSU04380	0.9265564369246863
BSU04390	0.6947527980136636
BSU04410	0.8066141571987183
BSU04420	0.832400777014679
BSU04430	2.20509818885424
BSU04440	1.34804893801963
BSU04450	1.223399991648671
BSU04460	
BSU04470	1.2542133082277942
BSU04480	0.8676738272504597
BSU04490	1.692266596981353
BSU04500	1.269707882203211
BSU04510	1.1474057494228085
BSU04520	1.16248467663122
BSU04550	0.8813807809072853
BSU04580	1.2852606959547999
BSU04590	3.32554596623553
BSU04600	2.260476041646887
BSU04610	1.3797855589095749
BSU04620	1.3322658616034606
BSU04630	1.692266596981353
BSU04650	1.223399991648671
BSU04660	0.7640176117901222
BSU04750	1.6081506963480425
BSU04760	
BSU04770	0.8093167935380895
BSU04780	0.832400777014679
BSU04800	0.8610518092670503
BSU04810	0.8669833079844675
BSU04820	1.0
BSU04840	
BSU04850	
BSU04860	0.7978497775001714
BSU04870	0.9847433846008429
BSU04880	
BSU04890	
BSU04910	
BSU04920	
BSU04930	1.1323873859772056
BSU04940	1.411747779924906
BSU04950	0.649798914670596
BSU04970	
BSU04980	
BSU04990	
BSU05030	
BSU05040	
BSU05070	
BSU05080	
BSU05090	0.9634199192581708
BSU05100	1.223399991648671
BSU05110	0.878467739748699
BSU05130	2.6986952919077516
BSU05150	
BSU05160	
BSU05170	
BSU05180	0.72631921261045
BSU05190	0.6821447269826355
BSU05200	
BSU05210	
BSU05220	0.8954323712428803
BSU05230	0.8898592302716206
BSU05240	
BSU05250	0.9153029725252383
BSU05260	
BSU05280	0.5359525665874134
BSU05290	
BSU05300	1.1174298952715576
BSU05310	
BSU05320	0.774266690012628
BSU05330	
BSU05340	1.1323873859772056
BSU05350	
BSU05360	0.8534832491579909
BSU05370	
BSU05380	
BSU05390	0.8121575463840188
BSU05400	0.8890241806561077
BSU05410	1.864383342561946
BSU05420	0.5111135326801123
BSU05430	
BSU05450	
BSU05460	
BSU05470	1.0
BSU05480	
BSU05490	1.192823007582393
BSU05500	0.8167633282444052
BSU05510	
BSU05530	
BSU05540	
BSU05550	1.0144588250362492
BSU05560	
BSU05570	0.8955718358447022
BSU05580	1.1474057494228085
BSU05590	0.946776754775853
BSU05600	0.9150221768552993
BSU05620	1.0729258200133638
BSU05640	0.9402577106755639
BSU05650	0.8225997196462979
BSU05660	0.970273576132245
BSU05670	1.1474057494228085
BSU05680	0.976425953509324
BSU05700	
BSU05710	1.2852606959547999
BSU05720	1.1323873859772056
BSU05730	
BSU05750	1.5748749825997468
BSU05760	1.1174298952715576
BSU05770	
BSU05780	1.0435666707863618
BSU05790	1.34804893801963
BSU05800	0.9916431224694271
BSU05810	17.253187465219977
BSU05820	2.7970608012319955
BSU05830	0.9290942752145651
BSU05840	1.2080818139511238
BSU05850	
BSU05860	1.1474057494228085
BSU05870	
BSU05880	
BSU05890	
BSU05900	0.6580304125789963
BSU05910	0.6506838553450035
BSU05920	0.6646384555740975
BSU05930	0.8369048163259138
BSU05940	1.692266596981353
BSU05950	0.6314261429373019
BSU05960	
BSU05970	0.8074246572125017
BSU05980	0.6599344988852146
BSU05990	0.7947555809060711
BSU06000	
BSU06010	
BSU06040	
BSU06050	0.448934914642428
BSU06060	0.7557956338064601
BSU06070	0.8219204144640968
BSU06090	0.7836203118896986
BSU06100	1.0876987925256831
BSU06110	1.42781286726847
BSU06120	
BSU06130	1.0876987925256831
BSU06160	1.3957385950825656
BSU06170	1.16248467663122
BSU06180	1.692266596981353
BSU06190	1.7949236765349494
BSU06200	1.7433632589376395
BSU06210	2.7773013727134
BSU06220	1.2542133082277942
BSU06230	
BSU06240	0.7326052546930211
BSU06250	
BSU06260	
BSU06270	1.934646375304532
BSU06280	1.1776238619594184
BSU04240	0.9480538353458573
BSU05140	
BSU05270	1.6753383535554418
BSU05520	
BSU06290	0.7567225539927454
BSU06320	1.1776238619594184
BSU06330	1.34804893801963
BSU06340	1.16248467663122
BSU06370	1.492627410783256
BSU06380	1.9170059330024374
BSU06390	0.7096379851856552
BSU06400	0.34371624575155996
BSU06410	1.0435666707863618
BSU06550	1.0876987925256831
BSU06770	1.192823007582393
BSU06780	0.9772853734832324
BSU06790	1.0435666707863618
BSU06812	0.6257959997410802
BSU06820	1.5748749825997468
BSU06850	1.3797855589095749
BSU06730	1.1474057494228085
BSU06740	1.8469426548332482
BSU06750	
BSU06560	1.16248467663122
BSU06570	1.0876987925256831
BSU06580	1.2387772507408568
BSU06590	1.192823007582393
BSU06600	0.8578842811882255
BSU06610	1.0729258200133638
BSU06620	0.9271202169053134
BSU06630	1.1474057494228085
BSU06640	1.6416390492129653
BSU06670	0.4636767671646742
BSU06680	0.42177485933388476
BSU06690	0.6379513203118631
BSU06700	0.8437433080726542
BSU06710	0.6886972282852408
BSU06720	0.9368619617187182
BSU06870	0.5093532043034555
BSU06880	1.3638889225164361
BSU06920	1.508968411247998
BSU06930	0.768138823810265
BSU06940	1.0289811644797733
BSU06950	
BSU06960	
BSU06970	1.492627410783256
BSU06980	1.1174298952715576
BSU06990	
BSU07000	1.0729258200133638
BSU07010	0.48663954789689856
BSU07020	0.6142095508691576
BSU07030	1.1323873859772056
BSU07040	0.8702993396050086
BSU07050	
BSU07060	0.7353606189982185
BSU07070	1.34804893801963
BSU07080	1.3322658616034606
BSU07140	
BSU07150	0.5404857330977996
BSU07160	
BSU07170	1.7433632589376395
BSU07200	0.7499772696832875
BSU07210	0.9169883007370728
BSU07220	
BSU07230	1.934646375304532
BSU07240	0.9247248788320073
BSU07250	1.8818742373630444
BSU06460	0.8066141571987183
BSU06800	1.0582150016914458
BSU07180	0.708339782235998
BSU06540	0.9075907389662359
BSU07190	1.1174298952715576
BSU08460	0.49685043787646527
BSU08470	0.4570815799928233
BSU08480	0.4133878229591755
BSU08490	0.7466775350772994
BSU08500	
BSU08510	0.9727044852338693
BSU08520	0.4639047040739674
BSU08530	0.912355938140163
BSU08540	0.7854951678438783
BSU08560	1.1776238619594184
BSU08570	
BSU08580	1.443933614390437
BSU08590	1.508968411247998
BSU08610	0.7758677186399574
BSU08620	1.3638889225164361
BSU08630	0.9288121874206043
BSU08650	0.7336545430159882
BSU08640	0.5740028347993156
BSU08190	
BSU08210	
BSU08220	1.1474057494228085
BSU08230	0.7406177031456266
BSU08240	0.8486775827397876
BSU08250	
BSU08260	
BSU08270	1.0876987925256831
BSU08280	
BSU08290	1.5914861528325137
BSU08300	1.42781286726847
BSU08310	0.9668448839127766
BSU08320	
BSU08330	1.1323873859772056
BSU08340	0.8384078184646925
BSU08360	0.8321280448019294
BSU08370	0.6452536362413935
BSU08380	1.300871475965767
BSU08390	1.3957385950825656
BSU08400	1.1474057494228085
BSU08410	0.6876681146046799
BSU08425	2.0391127229255037
BSU08440	0.2666207359512968
BSU08450	1.2387772507408568
BSU08170	0.8776359858667094
BSU08160	
BSU08150	
BSU08140	0.5061893136593584
BSU08130	0.9106732289174885
BSU08120	0.8866595129575836
BSU08050	0.9754235910230943
BSU08040	1.4601097775553284
BSU08030	1.0144588250362492
BSU08020	0.921627853975048
BSU08010	0.7844236536718939
BSU08000	1.8295523583368063
BSU07990	1.2080818139511238
BSU07980	1.0289811644797733
BSU07970	1.0
BSU08110	
BSU07955	
BSU07940	0.8628437351178684
BSU07930	2.1137449518834854
BSU07920	1.692266596981353
BSU07900	2.601417924624738
BSU07890	1.8818742373630444
BSU07880	2.0057013758908875
BSU07870	0.44083336283292773
BSU07860	
BSU07850	2.4291108158880794
BSU07840	0.9164264187291259
BSU07830	0.8462093418424644
BSU07790	1.5914861528325137
BSU07780	
BSU07770	
BSU07760	
BSU07750	2.5435802556077185
BSU07735	0.9399745871785252
BSU07720	0.8786063887108139
BSU07710	0.3929730788944709
BSU07700	1.16248467663122
BSU07690	0.7812118040052527
BSU07680	0.82314328797016
BSU07670	
BSU07660	0.592711156608733
BSU07650	1.2542133082277942
BSU07640	0.6946237867565672
BSU07630	0.5592177420548207
BSU07600	0.9353068366392745
BSU07570	0.6226748366433335
BSU07550	0.9774286325177617
BSU07540	
BSU07530	
BSU07520	0.2731843557279358
BSU07510	0.8862424200565178
BSU07500	1.3165399524919772
BSU07490	0.8662929570841678
BSU07480	0.7038018186881662
BSU07460	0.49208499713813564
BSU07450	0.999567220676
BSU07440	0.6903705455497229
BSU07430	0.5898870530010172
BSU07420	
BSU07410	
BSU07400	0.28567130366062193
BSU07390	0.7580473297391219
BSU07380	0.8020260470696938
BSU07370	0.820426550037122
BSU07360	0.912776764455341
BSU07330	0.966987671339983
BSU07320	1.443933614390437
BSU07310	1.1025335922106547
BSU07300	0.9860359584778583
BSU07290	
BSU07280	0.91109381753538
BSU07270	1.2542133082277942
BSU07260	0.831446334517697
BSU08670	
BSU08680	0.9790049081814459
BSU08690	1.1025335922106547
BSU08700	0.5716924643074365
BSU08720	0.960568631880377
BSU08730	1.1174298952715576
BSU08760	0.8823524523124937
BSU08780	0.7379877252297495
BSU08800	
BSU08830	1.1025335922106547
BSU08870	0.753149212833121
BSU08890	1.0582150016914458
BSU08840	0.9708453860867983
BSU08860	0.8211054761537181
BSU08750	2.077537383395981
BSU09390	3.968989875884028
BSU08770	1.0144588250362492
BSU10070	0.677915130588556
BSU10010	0.5607875594975821
BSU10000	0.5860872087999868
BSU09980	1.0876987925256831
BSU09965	0.6859968123411949
BSU09940	0.7225294605349073
BSU09930	2.20509818885424
BSU09920	0.8131051418722994
BSU09910	1.2542133082277942
BSU09900	1.0144588250362492
BSU09890	1.0144588250362492
BSU09880	0.8098576544547085
BSU09870	
BSU09860	1.0435666707863618
BSU09850	0.9233167453085899
BSU09840	0.8881703338374975
BSU09830	
BSU09810	0.9987018333482779
BSU08910	1.223399991648671
BSU08920	1.5418136325895337
BSU08940	1.16248467663122
BSU08950	0.9575775739776681
BSU08960	0.9578623127342099
BSU08980	1.934646375304532
BSU08990	1.0876987925256831
BSU09000	0.8792997349765408
BSU09010	0.6600614983397076
BSU09020	0.8164921792506807
BSU09030	0.9577199399569142
BSU09040	
BSU09050	
BSU09060	0.8958507863203469
BSU09070	0.7191369287996614
BSU09080	0.8112102894438574
BSU09090	0.7032837649768081
BSU09110	1.1025335922106547
BSU09120	1.269707882203211
BSU09130	0.9481957658357415
BSU09140	0.3991621007710468
BSU09150	
BSU09165	
BSU09180	0.9767124007783101
BSU09190	0.8680882196021283
BSU09200	0.6360669454754208
BSU09210	0.602195815287298
BSU09220	
BSU09230	
BSU09240	3.098539495529768
BSU09250	3.815750561628476
BSU09320	1.0876987925256831
BSU09330	0.754736723607789
BSU09340	1.0289811644797733
BSU09350	0.5747330194568452
BSU09360	0.6761231966354129
BSU09370	0.4361284181322658
BSU09380	0.8340377465460794
BSU09450	0.8364950500721191
BSU09470	2.1684146510521622
BSU09480	1.3797855589095749
BSU09490	
BSU09500	0.9059107334448026
BSU09510	1.2852606959547999
BSU09520	1.7262792485480012
BSU09530	1.7092469612779397
BSU09540	1.2852606959547999
BSU09550	0.725011714737054
BSU09560	0.5231330309397934
BSU09570	0.598618248337879
BSU09590	0.813240540029042
BSU09600	0.7773362197171729
BSU09610	0.9056308249146818
BSU09620	0.6094944651926949
BSU09630	0.7922022908827733
BSU09640	0.8918086146412246
BSU09650	1.3957385950825656
BSU09800	1.6081506963480425
BSU09790	0.8687790090051674
BSU09780	
BSU09770	0.8792997349765408
BSU09760	
BSU09740	0.9443659330567798
BSU09730	0.7378563013195327
BSU09720	2.8565961765965984
BSU09710	2.4670874134096357
BSU09700	
BSU09690	1.7262792485480012
BSU09680	0.8178482034125605
BSU09670	0.898641757425977
BSU09660	0.9582894708634925
BSU10080	1.16248467663122
BSU10170	0.8488147723741368
BSU10180	1.3165399524919772
BSU10200	0.753413726865259
BSU10210	0.9160050767682028
BSU10230	1.223399991648671
BSU10240	0.8908337589299922
BSU10250	0.844428096195351
BSU10260	0.9082910237459603
BSU10270	0.8794384246706778
BSU10280	
BSU10290	
BSU10310	1.8469426548332482
BSU10320	1.9170059330024374
BSU10330	0.8098576544547085
BSU10340	0.8952929122441723
BSU10350	0.9795782922106044
BSU10360	0.8382711481707272
BSU10370	0.9453583953958675
BSU10380	0.6286716950499789
BSU10390	
BSU10090	0.8732040519249044
BSU10100	0.7257961265631946
BSU10150	1.3638889225164361
BSU10160	1.411747779924906
BSU10440	1.3638889225164361
BSU10450	0.7778704316256917
BSU10460	0.6157008392396756
BSU10470	1.16248467663122
BSU10480	1.508968411247998
BSU10500	1.5748749825997468
BSU10510	0.7360171263696581
BSU10520	
BSU10530	0.6835563854833323
BSU10540	0.9638478353288593
BSU10550	4.508168304013393
BSU10560	
BSU10570	1.192823007582393
BSU10580	1.269707882203211
BSU10590	1.8122126368665468
BSU10600	
BSU10610	
BSU09260	0.961138682317072
BSU09310	0.8693317621049059
BSU10400	1.1174298952715576
BSU10430	0.9399745871785252
BSU08880	0.7470732669992813
BSU08900	
BSU10410	0.8198835327854356
BSU10650	1.6584624363872555
BSU10660	1.0144588250362492
BSU10670	
BSU10680	
BSU10690	
BSU10700	0.8838800275463264
BSU10710	
BSU10720	
BSU10730	
BSU10740	1.692266596981353
BSU10750	0.9213464649722691
BSU10760	0.7841558446067268
BSU10780	1.508968411247998
BSU10790	1.0289811644797733
BSU10810	1.3797855589095749
BSU10820	1.0729258200133638
BSU10830	1.1025335922106547
BSU10850	1.223399991648671
BSU10860	0.5079462835692717
BSU10870	1.692266596981353
BSU10880	1.459793791432133
BSU10890	0.7608316733346154
BSU10900	
BSU10910	1.1025335922106547
BSU10920	1.0
BSU10930	1.0876987925256831
BSU10940	1.6081506963480425
BSU10950	1.0876987925256831
BSU10960	0.872235484062368
BSU10970	1.7092469612779397
BSU10980	1.4601097775553284
BSU10990	0.6325540269029465
BSU11000	0.7271040589206552
BSU11010	0.8869376094369018
BSU11020	0.5681716279607334
BSU11030	0.6476513134393349
BSU11040	0.8325371537452204
BSU11055	1.0876987925256831
BSU11070	1.0729258200133638
BSU11080	0.6409698750293117
BSU11090	0.47488597376354874
BSU11110	0.9039519343231955
BSU11120	1.0729258200133638
BSU11140	0.7772026848256011
BSU11150	0.8978041861228385
BSU11160	
BSU11170	0.8396381632360503
BSU11180	1.34804893801963
BSU11280	
BSU11290	
BSU11330	0.6189357692678696
BSU11340	0.5738811654091112
BSU11350	
BSU11410	0.3535307302583228
BSU11480	1.0729258200133638
BSU11490	3.557411401630271
BSU11500	1.9878639852271824
BSU11510	
BSU11530	1.0435666707863618
BSU11540	1.16248467663122
BSU11550	0.5215963724774464
BSU11560	0.8006781323036883
BSU11570	0.956438875961514
BSU11580	0.6834280160795121
BSU11590	0.5334524279203376
BSU11600	0.8530710087997943
BSU11610	0.960711135121714
BSU11620	1.864383342561946
BSU11630	
BSU11640	0.7127566479852168
BSU11670	0.8362219062682368
BSU11680	0.8318553403913134
BSU11690	1.5253638945937036
BSU11700	1.4763411220855782
BSU11710	1.492627410783256
BSU11720	1.864383342561946
BSU11730	1.16248467663122
BSU11790	0.75116626743637
BSU11800	
BSU11810	
BSU11820	0.7335233567716062
BSU11840	1.223399991648671
BSU11850	1.16248467663122
BSU11860	1.0435666707863618
BSU11870	0.5597006190760179
BSU11880	0.9860359584778583
BSU11890	0.6941078153577623
BSU11900	0.6897268143639466
BSU11910	0.4562875719484103
BSU11920	1.1776238619594184
BSU11940	0.9064706287764593
BSU11950	0.8507361351008857
BSU11960	
BSU11970	
BSU11980	
BSU11990	0.8010824334803921
BSU12000	1.0876987925256831
BSU12010	0.901854665161204
BSU12020	0.8490891706279764
BSU12030	0.9306462236512656
BSU12040	1.0144588250362492
BSU12050	2.391315538431286
BSU12060	1.300871475965767
BSU12070	
BSU12080	0.8525214498727037
BSU12100	0.3099425200155212
BSU12110	
BSU12120	1.4601097775553284
BSU12130	2.737911766999888
BSU12140	2.0956171723557393
BSU12150	1.7949236765349494
BSU12160	1.3322658616034606
BSU12170	1.7949236765349494
BSU12180	0.5863321324727028
BSU12190	1.2852606959547999
BSU12200	
BSU12210	1.7776856665577871
BSU12220	1.8994151614004477
BSU12230	0.7010833411990143
BSU12240	1.2542133082277942
BSU12250	1.1323873859772056
BSU12260	0.7188761681355998
BSU12270	
BSU12280	0.5119356568779702
BSU12290	0.8330827275178168
BSU12300	0.9874727633548939
BSU12310	0.7106770732939067
BSU12320	
BSU12330	2.260476041646887
BSU12340	
BSU12350	0.8242307548364002
BSU12360	1.0729258200133638
BSU12370	1.192823007582393
BSU12380	1.2080818139511238
BSU12390	1.0729258200133638
BSU12400	1.269707882203211
BSU12410	0.7820143877099532
BSU12420	4.035227976992178
BSU12450	0.7089887925356383
BSU12470	0.7460181241248286
BSU12480	1.269707882203211
BSU12490	1.5748749825997468
BSU11310	0.47259171408521894
BSU11320	0.6924317221187373
BSU11260	1.1025335922106547
BSU11270	0.9381349250345078
BSU12850	0.6111062656900836
BSU12840	0.5760724303824545
BSU12860	1.4601097775553284
BSU12870	1.1474057494228085
BSU12880	
BSU12890	0.9419569981217772
BSU12910	0.5444319213969411
BSU12970	0.8880502595493469
BSU12980	0.7867011577454998
BSU12990	1.508968411247998
BSU13000	1.411747779924906
BSU13020	0.851148028501887
BSU13010	0.708210001486551
BSU13030	0.601084836203713
BSU13060	
BSU13070	1.3957385950825656
BSU13080	1.0289811644797733
BSU13090	1.42781286726847
BSU13100	
BSU13110	0.6547339984946627
BSU13140	1.0876987925256831
BSU13150	1.3165399524919772
BSU13170	1.0289811644797733
BSU14250	0.7888465419090118
BSU14330	0.8451130547253608
BSU14340	1.3165399524919772
BSU14350	1.0144588250362492
BSU14360	1.4763411220855782
BSU14370	1.9170059330024374
BSU14420	
BSU13210	0.6409698750293117
BSU13220	1.0435666707863618
BSU13230	0.5892736654422173
BSU13240	0.7604337179236669
BSU13250	0.9227536763097882
BSU13260	0.7991962299010088
BSU13270	0.5499473404366881
BSU13280	1.0582150016914458
BSU13300	0.8411426700968795
BSU13330	0.7868351923582456
BSU13340	1.1174298952715576
BSU13350	0.7708012775572951
BSU13360	0.6039252560296836
BSU13370	1.192823007582393
BSU13380	1.1025335922106547
BSU13390	
BSU13400	1.300871475965767
BSU13410	
BSU13420	0.6184377493449297
BSU13430	0.8574713890826205
BSU13440	2.260476041646887
BSU13450	
BSU14430	0.9833078007425953
BSU14440	1.5253638945937036
BSU14460	0.8227356013088053
BSU14500	0.9835948662509993
BSU14510	0.7210935606486016
BSU14530	1.3322658616034606
BSU14550	0.6546073151402693
BSU14560	0.5233695630218066
BSU13460	0.44386613799931157
BSU13480	0.6659115540416127
BSU13490	1.2852606959547999
BSU13500	1.4601097775553284
BSU13520	1.3322658616034606
BSU13530	0.843332516926916
BSU13550	0.5173482596019221
BSU13560	0.701471497539448
BSU13570	0.4739678607077089
BSU13580	0.6266707831446381
BSU13590	0.7197889585954073
BSU13600	0.5994812002832599
BSU13610	0.5338093709475058
BSU13620	1.0144588250362492
BSU14640	0.593079822569654
BSU14650	0.5604251740244183
BSU14670	0.6647657320659311
BSU14690	0.5195889909283153
BSU13980	0.5900097540092263
BSU14030	0.7810780649624913
BSU14040	
BSU14050	
BSU14060	0.823686965903101
BSU14080	0.7796073971517642
BSU14090	1.1776238619594184
BSU14100	1.0435666707863618
BSU14110	0.8519720004622926
BSU14130	
BSU14140	0.9708453860867983
BSU14150	
BSU14160	0.4427421440550201
BSU14170	1.1776238619594184
BSU14180	1.7433632589376395
BSU14190	0.7721335636596693
BSU14200	0.7677396996749869
BSU14210	0.7441727241332671
BSU14220	1.16248467663122
BSU14230	0.8390912751725996
BSU14240	0.6772749869338989
BSU13630	0.8526588294267885
BSU13660	
BSU13670	0.4680134383751157
BSU13710	0.7498451945675157
BSU13720	1.300871475965767
BSU13730	0.7726666757459248
BSU13740	0.8179838433339017
BSU13750	1.5418136325895337
BSU13760	
BSU13770	0.758444901674108
BSU13780	5.091674923373239
BSU13790	1.1323873859772056
BSU13800	
BSU13810	
BSU13820	0.8708523894452903
BSU13830	0.8584348978159498
BSU13840	0.9615662870884555
BSU13850	1.2542133082277942
BSU13860	1.2080818139511238
BSU13870	1.1474057494228085
BSU13940	
BSU13960	0.4704153279504121
BSU13970	
BSU14570	1.5253638945937036
BSU14020	0.7522236382157196
BSU13160	2.9969970289718977
BSU13320	0.9802951678332914
BSU14680	0.3202669574319325
BSU13290	0.661967384093374
BSU13510	1.1025335922106547
BSU14120	0.6688425151024172
BSU14540	1.5418136325895337
BSU13050	0.8656027741571601
BSU14660	
BSU14710	
BSU14720	0.7106770732939067
BSU14730	1.4763411220855782
BSU14740	
BSU14750	0.7428554413209837
BSU14760	0.7940834178412339
BSU14770	2.391315538431286
BSU14780	1.7604987964997776
BSU14790	1.0
BSU14800	1.1323873859772056
BSU14810	
BSU14820	0.6924317221187373
BSU14830	
BSU14840	0.8938986930193338
BSU14850	0.7530169661713626
BSU14940	1.2080818139511238
BSU14950	0.973562898085224
BSU14960	0.831446334517697
BSU14970	1.1323873859772056
BSU14980	
BSU14990	1.2387772507408568
BSU15000	0.9228944337398042
BSU15010	0.6775310222348816
BSU15020	0.8522467111430211
BSU15030	1.300871475965767
BSU15040	0.8537581107464572
BSU15050	1.0435666707863618
BSU15060	1.3638889225164361
BSU15070	0.9851741848822867
BSU15090	1.1474057494228085
BSU15100	1.3638889225164361
BSU15110	0.8024305570445545
BSU15120	0.521832691418084
BSU15130	
BSU15340	0.3219977612827311
BSU15350	0.6075125053749255
BSU15360	0.41448842417425663
BSU15370	0.7294601558122312
BSU15380	0.8410058626391622
BSU15390	0.9161455175235071
BSU15400	1.0729258200133638
BSU15410	1.0
BSU15580	1.269707882203211
BSU15590	1.0289811644797733
BSU15600	1.0289811644797733
BSU15610	1.0876987925256831
BSU15620	1.2080818139511238
BSU15630	1.0289811644797733
BSU15640	0.9480538353458573
BSU15650	1.8122126368665468
BSU15660	0.8929231366414618
BSU15680	0.8961297636420917
BSU15690	0.7122365796299704
BSU15700	1.1323873859772056
BSU15740	1.34804893801963
BSU15750	0.631551432838363
BSU15760	
BSU15770	0.7636191460825089
BSU15780	1.0
BSU15790	0.9679873673974119
BSU15800	0.9032526780990207
BSU15830	1.692266596981353
BSU15840	0.977142120788655
BSU15850	0.9479119118821308
BSU15860	1.2080818139511238
BSU15870	1.269707882203211
BSU15880	1.34804893801963
BSU15960	0.7324741256935885
BSU16000	1.192823007582393
BSU16010	1.2387772507408568
BSU16020	
BSU16050	0.7564576839002493
BSU16070	1.269707882203211
BSU16080	1.0289811644797733
BSU16530	1.2542133082277942
BSU16550	0.8678119510922948
BSU16560	0.8922265105893856
BSU15140	1.2387772507408568
BSU16260	0.9130573485975385
BSU16280	1.1025335922106547
BSU16410	1.269707882203211
BSU16480	1.0289811644797733
BSU15970	2.1501438481118647
BSU16640	1.16248467663122
BSU16620	0.8790223763698365
BSU16610	1.0435666707863618
BSU16590	0.9886226679773096
BSU15250	1.6081506963480425
BSU15260	1.5418136325895337
BSU16700	0.3436122931531358
BSU15440	0.9489055159740325
BSU15460	0.70561593000973
BSU17370	0.2717322914395507
BSU17400	0.6239227271352574
BSU17270	0.9094118228145134
BSU17280	0.8799932491145934
BSU17250	0.8052638792240692
BSU17320	1.3797855589095749
BSU17310	
BSU17340	0.8356757023546247
BSU17020	1.443933614390437
BSU17010	
BSU17070	0.9043715675383729
BSU16960	1.6753383535554418
BSU16970	1.0729258200133638
BSU16780	1.0289811644797733
BSU16790	0.7522236382157196
BSU16810	0.8990606328615478
BSU16825	0.9068906204612048
BSU16845	0.642102959562669
BSU16860	0.9329050227613216
BSU16870	
BSU16880	
BSU16910	0.7132768328902144
BSU16710	0.8759732036099255
BSU16720	
BSU17360	0.9197992934801046
BSU17240	0.6537207398527877
BSU17350	0.5524709136242549
BSU17500	1.0582150016914458
BSU17510	0.9759963308022845
BSU17520	0.4373591678776408
BSU17530	
BSU17540	
BSU17550	
BSU17560	
BSU17570	1.2387772507408568
BSU17430	1.1174298952715576
BSU17440	1.0289811644797733
BSU17620	0.7299840510172098
BSU17630	1.492627410783256
BSU17640	1.1474057494228085
BSU17650	0.7458862629018768
BSU17660	0.8013520030109279
BSU17690	0.5206514265861991
BSU17720	
BSU17730	1.0729258200133638
BSU17750	1.2852606959547999
BSU17760	0.942098648019182
BSU17770	
BSU17780	1.0582150016914458
BSU17790	0.8694699672824717
BSU17800	0.7147079416162815
BSU17810	0.6868965893866918
BSU17820	1.1174298952715576
BSU17830	1.8818742373630444
BSU17840	0.978145024628045
BSU17860	1.0582150016914458
BSU17870	1.4763411220855782
BSU17900	
BSU17910	0.974135303197723
BSU17940	0.9525988422253118
BSU17950	1.864383342561946
BSU17960	1.0435666707863618
BSU18010	2.95667186255941
BSU18040	0.8820747985137409
BSU18050	0.8595364574620481
BSU18060	1.6416390492129653
BSU18070	0.8830467043220475
BSU18080	2.1867328158910104
BSU18110	1.3638889225164361
BSU18140	
BSU18150	1.692266596981353
BSU18170	
BSU18180	1.1174298952715576
BSU18190	1.1174298952715576
BSU18200	
BSU18210	1.508968411247998
BSU18220	2.023587576276168
BSU18230	1.7604987964997776
BSU18240	
BSU18250	0.538098395650119
BSU18260	1.4601097775553284
BSU18280	1.2852606959547999
BSU18290	1.1174298952715576
BSU17470	0.6057799158753888
BSU17710	0.7646818630084561
BSU17740	0.6104861878571035
BSU17880	0.6934630167887603
BSU17920	1.16248467663122
BSU18270	1.0582150016914458
BSU17480	0.5564436824156793
BSU17490	
BSU17670	
BSU18530	
BSU18540	0.6404664788015585
BSU18550	0.45277634865190297
BSU18560	0.3024175982799013
BSU18570	0.5193529843537987
BSU18580	0.7315564268105401
BSU18590	0.6786835473389157
BSU18610	0.8665690765168509
BSU18620	1.7262792485480012
BSU18630	0.7678727336187814
BSU18640	1.1323873859772056
BSU18660	1.1474057494228085
BSU18670	1.0435666707863618
BSU18680	0.7240968962152609
BSU18690	1.3957385950825656
BSU18700	
BSU18720	
BSU18730	
BSU18750	
BSU18760	1.34804893801963
BSU18770	1.6584624363872555
BSU18780	
BSU18790	
BSU18810	
BSU18820	
BSU18850	0.6480301434772319
BSU18880	1.16248467663122
BSU18890	0.7507698704523177
BSU18930	1.411747779924906
BSU18970	
BSU18980	0.9774286325177617
BSU18990	0.6176909496990326
BSU19000	1.223399991648671
BSU19010	0.5956624556105827
BSU19020	1.0876987925256831
BSU19030	1.7262792485480012
BSU19050	0.5848630609490257
BSU19060	1.1776238619594184
BSU19070	0.9562965674884162
BSU19080	0.9752804220283695
BSU19090	1.0582150016914458
BSU19100	1.7776856665577871
BSU19110	0.9772853734832324
BSU19130	1.411747779924906
BSU19150	4.146368956461583
BSU19160	1.5253638945937036
BSU19170	1.6584624363872555
BSU19180	12.254471980434637
BSU19190	3.7506460119541054
BSU19200	2.679152277180772
BSU19210	0.6161981821015002
BSU19230	0.5972629525675455
BSU19240	3.242429106079085
BSU19250	1.492627410783256
BSU19260	1.7262792485480012
BSU19280	1.9170059330024374
BSU19340	0.533214506264613
BSU19350	0.5372635939183548
BSU19530	
BSU19540	
BSU19550	0.5139339313593999
BSU19560	0.9774286325177617
BSU19570	
BSU19580	0.1787694412650955
BSU19600	
BSU19610	
BSU19620	0.9063306451687642
BSU19640	1.0
BSU19650	1.0729258200133638
BSU19670	
BSU19690	
BSU19700	
BSU19720	1.411747779924906
BSU19730	0.5365483665344958
BSU19740	0.6791959737041456
BSU19810	1.223399991648671
BSU19800	
BSU18370	0.8673975986765716
BSU18380	0.7410124479309174
BSU18390	1.9170059330024374
BSU18400	0.897664614458172
BSU18420	0.8863814442869773
BSU18430	1.0144588250362492
BSU19520	1.7262792485480012
BSU19510	0.9130573485975385
BSU19480	1.192823007582393
BSU19470	0.6275459409417115
BSU19460	0.7399599395444926
BSU19450	1.223399991648671
BSU19440	0.866707146700586
BSU19430	1.0582150016914458
BSU19420	0.8883284893095585
BSU19410	0.6402148262090442
BSU19400	1.2852606959547999
BSU19390	1.3638889225164361
BSU19380	1.16248467663122
BSU21660	0.4663001147880881
BSU21650	0.9874727633548939
BSU21640	
BSU21630	1.1776238619594184
BSU21620	0.6782993054415746
BSU21610	0.8831855743346706
BSU21600	0.4758046315136403
BSU21590	0.6183132635537713
BSU21580	0.8651887463330664
BSU21570	0.642102959562669
BSU21560	0.5145221135349961
BSU21550	0.7104172574624981
BSU21540	0.692302842796051
BSU21530	0.8005433791058816
BSU21520	
BSU21510	1.2387772507408568
BSU21490	1.34804893801963
BSU21460	
BSU21450	0.2811641102165463
BSU21440	
BSU21430	0.9797216541874266
BSU21420	
BSU21410	1.411747779924906
BSU21400	1.8994151614004477
BSU21390	
BSU21380	1.8994151614004477
BSU21370	
BSU21360	1.2080818139511238
BSU21350	
BSU21340	1.0876987925256831
BSU21330	0.9906359909626213
BSU21320	
BSU21300	
BSU21290	1.0729258200133638
BSU21280	
BSU21270	
BSU21260	
BSU21250	
BSU21240	1.6753383535554418
BSU21220	4.531087237610064
BSU21210	
BSU21200	
BSU21190	
BSU21180	1.0582150016914458
BSU21170	
BSU21160	1.300871475965767
BSU21150	1.6248683985589283
BSU21140	1.16248467663122
BSU21120	2.023587576276168
BSU21110	2.391315538431286
BSU21100	2.0956171723557393
BSU21090	4.439625961543974
BSU21080	1.1776238619594184
BSU21070	1.2852606959547999
BSU21060	
BSU21050	1.2852606959547999
BSU21040	1.2852606959547999
BSU21030	
BSU21020	1.16248467663122
BSU21010	0.35269215912180074
BSU21000	
BSU20990	1.6248683985589283
BSU20980	
BSU20970	1.0289811644797733
BSU20960	1.269707882203211
BSU20950	0.6553675294815698
BSU20940	1.300871475965767
BSU20930	0.73641111650084
BSU20920	1.0289811644797733
BSU20910	1.1025335922106547
BSU20900	0.732998683603173
BSU20890	0.8945957193343816
BSU20880	0.770668087667859
BSU20870	1.0144588250362492
BSU20860	4.035227976992178
BSU20850	1.2542133082277942
BSU20840	0.9178313213968788
BSU20830	0.914741407869363
BSU20820	1.6081506963480425
BSU20810	2.6986952919077516
BSU20800	1.0582150016914458
BSU20790	1.492627410783256
BSU20780	1.3165399524919772
BSU20770	1.0
BSU20760	0.8992002714170062
BSU20750	1.3797855589095749
BSU20740	0.21071637543374883
BSU20730	
BSU20720	
BSU20710	0.9137589245650412
BSU20700	0.5082979020109628
BSU20690	1.269707882203211
BSU20680	0.9867542809641477
BSU20670	
BSU20660	
BSU20650	
BSU20640	
BSU20630	
BSU20620	
BSU20610	
BSU20600	
BSU20590	
BSU20580	
BSU20570	0.8024305570445545
BSU20560	
BSU20550	
BSU20540	
BSU20530	
BSU20520	
BSU20510	
BSU20500	
BSU20480	
BSU20470	
BSU20460	
BSU20450	
BSU20440	0.8998985628088642
BSU20430	1.2542133082277942
BSU20420	1.6248683985589283
BSU20410	2.1501438481118647
BSU20400	3.3464258037018064
BSU20390	2.8565961765965984
BSU20380	2.601417924624738
BSU20370	1.1174298952715576
BSU20360	2.1501438481118647
BSU20350	
BSU20340	1.3638889225164361
BSU20330	
BSU20320	0.9560119710407335
BSU20310	
BSU20300	0.7931426833262615
BSU20290	0.9490474857052228
BSU20280	
BSU20270	
BSU20260	
BSU20240	0.871820485080315
BSU20230	1.2080818139511238
BSU20220	
BSU20210	1.2387772507408568
BSU20200	
BSU20190	1.192823007582393
BSU20180	
BSU20170	1.508968411247998
BSU20160	1.0289811644797733
BSU20150	1.3165399524919772
BSU20140	0.8574713890826205
BSU20130	
BSU20120	0.9289532280417926
BSU20110	1.192823007582393
BSU20100	0.8693317621049059
BSU20090	1.3322658616034606
BSU20080	1.0582150016914458
BSU20070	1.1776238619594184
BSU20060	0.5531925850628509
BSU20040	0.41945222379969554
BSU20050	1.34804893801963
BSU20030	
BSU20020	
BSU20010	
BSU20000	
BSU19990	
BSU19980	
BSU19970	
BSU19940	
BSU19930	
BSU19920	
BSU19910	
BSU19900	
BSU19890	
BSU19880	
BSU19870	
BSU19860	
BSU19850	0.7816130639697626
BSU19840	
BSU19830	
BSU19820	1.3322658616034606
BSU18360	1.16248467663122
BSU18520	
BSU18510	1.6248683985589283
BSU18500	0.9511778112412174
BSU19120	2.601417924624738
BSU19140	1.3638889225164361
BSU19300	9.439349406694134
BSU19660	
BSU19680	0.7234436711417033
BSU18710	
BSU18740	1.269707882203211
BSU18860	0.547067602196444
BSU18870	
BSU18900	
BSU18940	
BSU18950	
BSU18960	0.9724183985073144
BSU19270	3.3047062801738503
BSU19290	1.8818742373630444
BSU21310	1.1474057494228085
BSU23050	0.7527524950845613
BSU23030	1.16248467663122
BSU23010	1.1174298952715576
BSU23000	1.0144588250362492
BSU22990	0.7406177031456266
BSU22980	1.3957385950825656
BSU22970	0.7240968962152609
BSU22040	1.3165399524919772
BSU22030	0.9412488468452431
BSU22020	0.6739492349309509
BSU22960	1.7262792485480012
BSU22010	2.041522422371882
BSU22950	0.7523558418528443
BSU22940	1.2080818139511238
BSU21980	0.867950082166729
BSU21990	0.943798954921259
BSU22920	1.223399991648671
BSU21970	1.7604987964997776
BSU21960	
BSU22910	0.6516956679323644
BSU22900	0.6316767299129591
BSU22880	0.8662929570841678
BSU21920	0.6265457910835887
BSU22870	1.0435666707863618
BSU21890	0.7704017291633702
BSU21880	0.49069290251072684
BSU22860	
BSU22850	1.2080818139511238
BSU22840	1.2852606959547999
BSU22820	0.7378563013195327
BSU22810	0.7309011442217693
BSU21860	0.8243667187912357
BSU22590	0.9300817867124583
BSU22580	1.2387772507408568
BSU22570	0.9758531362941621
BSU21850	1.1323873859772056
BSU22530	0.7354919065588748
BSU22520	1.1174298952715576
BSU22510	1.0144588250362492
BSU22500	0.44555376755260356
BSU22480	0.5377405748492419
BSU22470	0.7122365796299704
BSU22460	0.7942178365702245
BSU21840	0.537025152312178
BSU21830	0.8328099267698134
BSU21800	1.4763411220855782
BSU21780	2.2235106173076353
BSU21790	3.4725425847566243
BSU22380	1.0729258200133638
BSU21760	0.7778704316256917
BSU21750	0.9981250359453367
BSU21740	1.1776238619594184
BSU21730	0.6676951472530328
BSU21720	0.6291722288561993
BSU21710	1.2080818139511238
BSU22330	1.0
BSU21700	1.443933614390437
BSU22310	1.0582150016914458
BSU22300	1.2080818139511238
BSU22280	
BSU22270	1.8818742373630444
BSU22260	0.725011714737054
BSU22250	
BSU21690	1.269707882203211
BSU21680	0.8352661211030619
BSU22240	4.669346625471353
BSU22230	1.42781286726847
BSU21670	0.7252731561376097
BSU22220	0.6795803715219553
BSU22210	1.5253638945937036
BSU22190	0.6080078092118605
BSU22180	0.8086408747729185
BSU22170	0.5432351769988534
BSU22160	0.8848525429430489
BSU23370	1.8994151614004477
BSU23340	1.34804893801963
BSU23300	0.9907798476965027
BSU23230	1.0435666707863618
BSU23220	0.6886972282852408
BSU23210	0.8008128929686739
BSU23200	1.42781286726847
BSU23160	1.1323873859772056
BSU23090	1.1474057494228085
BSU22150	0.904931171287877
BSU22080	0.7154889176960465
BSU21950	1.2852606959547999
BSU23320	
BSU23350	
BSU23060	0.8972459390147938
BSU26380	0.95004145547265
BSU26370	
BSU26360	
BSU26350	1.0144588250362492
BSU26340	
BSU26320	0.6380770059115188
BSU26310	1.0144588250362492
BSU26300	
BSU26290	
BSU26280	
BSU26270	
BSU26260	2.023587576276168
BSU26250	
BSU26240	
BSU26230	0.7348355436067557
BSU26220	
BSU26210	0.9199399130262105
BSU26200	1.16248467663122
BSU26190	1.6416390492129653
BSU26180	1.6416390492129653
BSU26170	1.4763411220855782
BSU26160	0.6969471124070921
BSU26150	1.0876987925256831
BSU26140	1.1174298952715576
BSU26130	1.3797855589095749
BSU26120	0.8253186613857804
BSU26110	1.2542133082277942
BSU26100	0.9801517797635764
BSU26090	1.3957385950825656
BSU26075	1.16248467663122
BSU26060	
BSU26030	
BSU26020	
BSU26010	
BSU26000	
BSU25990	
BSU25980	1.864383342561946
BSU25970	1.3165399524919772
BSU25960	1.0435666707863618
BSU25950	2.936572247655698
BSU25940	1.1174298952715576
BSU25930	
BSU25870	1.1025335922106547
BSU25860	0.6874109102013265
BSU25820	1.3638889225164361
BSU25810	
BSU25800	
BSU25790	0.6877967281321575
BSU25780	0.8738960878631318
BSU26330	0.9375690983002879
BSU25740	0.9358722451916859
BSU25730	1.3797855589095749
BSU25720	1.6081506963480425
BSU25710	1.508968411247998
BSU25700	1.4601097775553284
BSU25680	0.6099902649746975
BSU25670	0.7303770473225359
BSU25650	0.5982485290209121
BSU25640	0.7305080609595807
BSU25630	1.0582150016914458
BSU25620	0.978001732966014
BSU25610	1.692266596981353
BSU25560	0.9387008576335003
BSU25450	0.47327963389898936
BSU25440	0.7205716331796171
BSU25430	
BSU25420	1.0144588250362492
BSU25400	1.492627410783256
BSU25390	
BSU25380	4.348739252147173
BSU25370	3.388305537552338
BSU25360	
BSU25350	
BSU25330	0.8028351297391301
BSU25320	0.95957129497087
BSU25240	0.6811186295213898
BSU25180	0.9446494610421973
BSU25170	1.1323873859772056
BSU25160	1.0144588250362492
BSU25150	1.0582150016914458
BSU25140	0.9541627286264396
BSU25130	1.443933614390437
BSU25120	0.9662737971758265
BSU25110	1.0729258200133638
BSU25100	1.2852606959547999
BSU25090	1.1174298952715576
BSU25080	1.8295523583368063
BSU25070	0.7588425371841063
BSU25060	0.9880476644771692
BSU25050	
BSU25040	0.4798301580937873
BSU25030	0.6076363193185428
BSU25010	0.8631195172908259
BSU24990	1.5253638945937036
BSU24980	
BSU24970	1.223399991648671
BSU24960	0.948337703348577
BSU24950	2.0595057441718208
BSU24920	1.1025335922106547
BSU24910	0.9883351530725479
BSU24890	0.7789391929411292
BSU24880	
BSU24870	0.4962685327927419
BSU24860	0.684069938033246
BSU24840	0.9887664350404858
BSU24830	1.0729258200133638
BSU24820	0.8759732036099255
BSU24810	1.0435666707863618
BSU24800	1.5418136325895337
BSU24790	0.6613319014195403
BSU24780	1.0289811644797733
BSU24770	3.729021034614892
BSU24760	1.5748749825997468
BSU24750	
BSU24590	0.9900606273312913
BSU24580	2.976813490738509
BSU24570	0.5241976830897823
BSU24560	0.826679163887204
BSU24550	0.9015751416588195
BSU24540	0.4962685327927419
BSU24530	0.41856844585308006
BSU24520	0.756192842998104
BSU24510	1.2387772507408568
BSU24500	1.192823007582393
BSU24490	1.300871475965767
BSU24480	
BSU24470	0.7282818151282784
BSU24460	0.7768021206707958
BSU24440	0.9930824283163782
BSU24330	0.5065405582403806
BSU24320	1.16248467663122
BSU24300	1.2542133082277942
BSU24290	1.1776238619594184
BSU24280	1.7949236765349494
BSU24270	2.3349650123399206
BSU24210	1.2387772507408568
BSU24200	0.6959142293041681
BSU24190	1.223399991648671
BSU24180	0.7473371245785076
BSU24120	1.300871475965767
BSU24100	
BSU24090	1.4763411220855782
BSU24080	1.6248683985589283
BSU24070	1.7949236765349494
BSU24060	1.7433632589376395
BSU23990	0.5125231368066463
BSU23980	0.8442911250239779
BSU23970	0.7084695697647297
BSU23960	0.94039928183205
BSU23950	0.9290942752145651
BSU23940	1.2852606959547999
BSU23930	
BSU23920	1.2542133082277942
BSU23910	1.5914861528325137
BSU23900	
BSU23890	1.1776238619594184
BSU23870	1.2852606959547999
BSU23860	0.2664284310099701
BSU23850	0.23593856043262962
BSU23840	0.7483928397787728
BSU23830	1.6416390492129653
BSU23820	1.34804893801963
BSU23810	1.3797855589095749
BSU23800	0.34683931030004256
BSU23790	0.8606384503822436
BSU23780	1.0144588250362492
BSU23770	1.0144588250362492
BSU23760	0.7801420870527522
BSU23750	0.7512984137121304
BSU23740	0.9157242149705075
BSU23730	1.0289811644797733
BSU23710	2.131920564644591
BSU23700	
BSU23690	0.6023192961535148
BSU23680	0.7124965991311402
BSU23670	0.619060293101383
BSU23660	0.5540349010134134
BSU23650	0.9001779265774299
BSU23640	0.8627058542154513
BSU23630	0.8344471426751315
BSU23620	2.0057013758908875
BSU23610	1.0582150016914458
BSU23560	0.8606384503822436
BSU23550	0.9313519181202111
BSU23540	0.7961004306007384
BSU23520	0.4897655121745377
BSU25520	1.0435666707863618
BSU24260	2.5243899233020812
BSU25230	0.8076948788217554
BSU25920	
BSU25910	0.7344418118129459
BSU25890	0.8584348978159498
BSU25880	1.192823007582393
BSU23600	1.0435666707863618
BSU24740	
BSU24640	0.5825393454421293
BSU25280	0.9949544816056263
BSU25250	0.5182913630100952
BSU24940	0.9840255124297336
BSU24930	1.0582150016914458
BSU24660	1.0435666707863618
BSU24110	0.7940834178412339
BSU24650	0.6933340793291203
BSU23720	0.862154397438324
BSU25850	
BSU27020	1.2542133082277942
BSU27000	0.7335233567716062
BSU26990	
BSU26980	
BSU26960	
BSU26950	
BSU26940	
BSU26930	
BSU26920	0.5217145279580709
BSU26910	
BSU26900	
BSU26880	
BSU26870	0.7423287282032648
BSU26860	
BSU27840	0.4007957155556619
BSU27830	0.35164480484149097
BSU27820	0.7041904365086662
BSU27810	
BSU27770	2.297627895625568
BSU27700	1.1776238619594184
BSU27680	0.8254546809819503
BSU26780	
BSU26770	
BSU26760	0.3548947107268205
BSU26750	
BSU26730	
BSU26680	
BSU26660	0.9858923133631502
BSU26630	
BSU26620	
BSU27260	1.6753383535554418
BSU27250	1.34804893801963
BSU27240	
BSU27230	1.2852606959547999
BSU27220	1.0876987925256831
BSU27210	0.9181123805081768
BSU27200	1.864383342561946
BSU27180	1.6416390492129653
BSU27170	0.948337703348577
BSU27160	1.300871475965767
BSU27150	0.7032837649768081
BSU27140	
BSU27130	
BSU27110	1.411747779924906
BSU27100	
BSU26610	1.9700755750823085
BSU26570	
BSU26560	1.6584624363872555
BSU26550	
BSU26540	
BSU26530	
BSU26510	
BSU26500	
BSU26490	
BSU26480	0.5226600652924063
BSU26470	0.4562875719484103
BSU26450	
BSU26440	0.7526202706680215
BSU26430	
BSU26420	1.0144588250362492
BSU26410	
BSU26400	0.9649892312807269
BSU26800	
BSU26810	
BSU26820	0.8783290968562356
BSU26830	0.8556828969169141
BSU26850	1.3638889225164361
BSU27500	1.7433632589376395
BSU27490	1.934646375304532
BSU27470	1.0729258200133638
BSU27420	1.411747779924906
BSU27390	1.0144588250362492
BSU27370	1.2852606959547999
BSU27360	0.7690703609331221
BSU27350	0.760964338945242
BSU27340	1.0144588250362492
BSU27310	1.1025335922106547
BSU27300	0.8205623213535589
BSU27280	1.6248683985589283
BSU27270	1.1776238619594184
BSU27640	0.6360669454754208
BSU27630	0.5661107944634777
BSU27620	0.7794737418032924
BSU27590	0.872235484062368
BSU27580	0.6857397996573684
BSU27540	0.8952929122441723
BSU27530	1.2542133082277942
BSU27510	2.5435802556077185
BSU27890	0.5238427254415103
BSU27290	1.0144588250362492
BSU27380	0.914741407869363
BSU27520	1.5748749825997468
BSU27660	1.2387772507408568
BSU27690	0.8064790985465567
BSU27785	0.9712743119546755
BSU27800	
BSU27190	1.692266596981353
BSU27570	0.8840189384393939
BSU28940	0.8640849683636109
BSU28910	
BSU28900	
BSU28890	0.9717032961448644
BSU28840	1.5748749825997468
BSU28830	1.1025335922106547
BSU28820	0.8466205623818801
BSU28660	0.7501093523100127
BSU28670	
BSU28680	0.8309010895691916
BSU28690	1.223399991648671
BSU28700	0.8729272848719458
BSU28650	1.6753383535554418
BSU28620	1.1174298952715576
BSU28610	1.269707882203211
BSU28600	1.0582150016914458
BSU28590	1.508968411247998
BSU28580	
BSU28570	1.0729258200133638
BSU28550	0.9279660833296397
BSU28540	0.9802951678332914
BSU28460	0.9381349250345078
BSU28420	0.835539168278035
BSU28400	
BSU28360	0.8459352288076457
BSU28350	0.6154522140397108
BSU28320	
BSU28330	
BSU28340	1.9170059330024374
BSU28240	0.6160738347649724
BSU28040	2.1684146510521622
BSU27950	0.8289935967017621
BSU28190	1.0582150016914458
BSU28180	0.8966877978110658
BSU28100	0.9309284821215034
BSU30920	
BSU30930	
BSU29070	1.2852606959547999
BSU29060	1.2542133082277942
BSU30250	1.3638889225164361
BSU29040	1.0
BSU29050	
BSU29580	0.9717032961448644
BSU30180	0.7337857365789553
BSU30860	1.0876987925256831
BSU30870	
BSU30880	1.3797855589095749
BSU29030	
BSU29010	0.6082555079224187
BSU29000	0.4666426255744977
BSU29560	1.1474057494228085
BSU29550	1.34804893801963
BSU30170	1.2387772507408568
BSU30160	1.1025335922106547
BSU30850	
BSU29540	0.8131051418722994
BSU30150	1.34804893801963
BSU30840	1.1323873859772056
BSU29530	1.1025335922106547
BSU29520	0.8408690614559503
BSU30135	
BSU30120	1.508968411247998
BSU30110	0.8997588913941239
BSU30100	1.3165399524919772
BSU30090	1.0289811644797733
BSU30080	
BSU30780	1.934646375304532
BSU29510	1.0
BSU29500	
BSU30060	1.1776238619594184
BSU30770	0.8415531334414869
BSU30760	1.223399991648671
BSU30750	1.9878639852271824
BSU30740	3.057797981411193
BSU29490	0.3895115752049778
BSU30050	0.9881914052375319
BSU30710	0.7920679764498306
BSU30720	0.9497574317415297
BSU30739	0.8287212068097024
BSU30010	1.7949236765349494
BSU30000	1.9523363156428246
BSU30700	0.6979804655007509
BSU30690	0.6385798254768309
BSU29990	1.7262792485480012
BSU30680	0.51087871463554
BSU30670	0.8347201082699143
BSU29980	1.42781286726847
BSU30660	0.8842967797393793
BSU30640	1.3797855589095749
BSU29420	1.2542133082277942
BSU29410	1.7604987964997776
BSU29970	0.8625679798199348
BSU30595	0.9235983195129883
BSU30610	1.8122126368665468
BSU30620	1.492627410783256
BSU29400	0.862154397438324
BSU29960	0.8962692624732146
BSU29950	1.1474057494228085
BSU29940	1.1174298952715576
BSU30580	1.34804893801963
BSU30570	1.16248467663122
BSU29390	0.9712743119546755
BSU29380	1.6416390492129653
BSU29370	1.4601097775553284
BSU29360	1.3322658616034606
BSU29350	0.885408412831067
BSU29330	
BSU29920	1.3957385950825656
BSU30530	1.1776238619594184
BSU29320	0.8198835327854356
BSU29310	0.7474690643938378
BSU29280	1.8994151614004477
BSU29890	0.7174425013864679
BSU30520	2.3724862359765595
BSU29270	0.8849915004779886
BSU29860	0.6405923165660934
BSU29850	0.7776033116778538
BSU30510	1.411747779924906
BSU30500	1.42781286726847
BSU29260	0.735229339432978
BSU29840	1.1776238619594184
BSU29830	1.1474057494228085
BSU29820	1.692266596981353
BSU29805	0.6348116463570433
BSU30480	1.269707882203211
BSU30490	1.5748749825997468
BSU29250	1.0729258200133638
BSU30460	1.0289811644797733
BSU30450	1.5583174024600557
BSU30440	0.9351655018791727
BSU30430	0.9244431996837058
BSU30420	0.7814793039038007
BSU30410	1.223399991648671
BSU29240	
BSU29650	1.3165399524919772
BSU30400	0.8292660131006204
BSU30390	
BSU30380	1.3957385950825656
BSU30370	0.8382711481707272
BSU29220	0.8802707019162572
BSU29640	0.8682263642627583
BSU30360	
BSU30350	0.8823524523124937
BSU29210	0.596647220910098
BSU29630	0.7942178365702245
BSU30340	1.0876987925256831
BSU30330	1.0144588250362492
BSU29160	1.42781286726847
BSU29620	0.6081316547737473
BSU30310	1.4601097775553284
BSU29150	1.0876987925256831
BSU29610	0.8198835327854356
BSU28970	0.8933411921510752
BSU28960	1.16248467663122
BSU29730	0.8485404008535173
BSU29720	0.8748652198029243
BSU29780	1.1776238619594184
BSU29770	1.3638889225164361
BSU29760	1.3638889225164361
BSU29480	0.6776590511062994
BSU30810	1.7092469612779397
BSU30910	
BSU30890	0.8431956003583353
BSU29170	1.1174298952715576
BSU29870	1.1323873859772056
BSU30470	0.7506377525874617
BSU29430	4.738952667173327
BSU30020	0.7510341278811372
BSU30035	0.67458841273452
BSU29910	0.8973854913491691
BSU31090	0.8809644506457364
BSU31080	
BSU31070	0.5646574730863066
BSU31040	1.6753383535554418
BSU31030	2.0057013758908875
BSU31020	2.83670831798407
BSU31010	3.2217510013639887
BSU31000	4.168708072249858
BSU30990	1.0289811644797733
BSU31160	1.269707882203211
BSU31150	0.8923658221126666
BSU31140	
BSU31130	0.9577199399569142
BSU31120	0.6966888472780896
BSU31110	0.9961070522446405
BSU31100	1.300871475965767
BSU31860	1.4763411220855782
BSU31850	1.2542133082277942
BSU31840	1.492627410783256
BSU31830	
BSU31800	1.0876987925256831
BSU31790	0.6789397457851432
BSU31780	0.7470732669992813
BSU31770	0.8258627801400551
BSU31760	0.6893406644474316
BSU31750	0.5634472478824014
BSU31660	1.0435666707863618
BSU31650	1.4763411220855782
BSU31630	2.353702680711016
BSU31510	
BSU31520	1.2387772507408568
BSU31530	0.414268232237774
BSU31540	0.9759963308022845
BSU31550	
BSU31560	0.9704165186312613
BSU31570	0.8201550280463927
BSU31580	1.443933614390437
BSU31590	
BSU31600	1.9170059330024374
BSU31610	1.3797855589095749
BSU31620	1.6584624363872555
BSU31430	
BSU31420	1.6416390492129653
BSU31410	1.1776238619594184
BSU31400	1.8994151614004477
BSU31390	1.42781286726847
BSU31370	0.9801517797635764
BSU31360	1.300871475965767
BSU31340	0.7536782689812109
BSU31330	1.1174298952715576
BSU31322	
BSU31310	
BSU31300	
BSU31290	2.718281828459045
BSU31280	1.692266596981353
BSU32090	0.36639429672873225
BSU32080	0.4868708899924725
BSU32070	0.6344352048868347
BSU32060	
BSU32050	0.5593384488085766
BSU32040	1.1776238619594184
BSU32030	0.6356902757967599
BSU32020	1.223399991648671
BSU32010	1.0435666707863618
BSU31875	1.0435666707863618
BSU31890	0.61682003382467
BSU31900	0.6438667552954731
BSU31910	1.7433632589376395
BSU31920	1.8818742373630444
BSU31945	1.1323873859772056
BSU31210	1.8818742373630444
BSU31200	1.6584624363872555
BSU31190	1.1474057494228085
BSU31180	1.3165399524919772
BSU31170	1.0144588250362492
BSU32100	2.9969970289718977
BSU32110	0.4013407086160676
BSU32130	1.1025335922106547
BSU32340	1.3957385950825656
BSU32350	1.2387772507408568
BSU32360	1.2852606959547999
BSU32370	1.4601097775553284
BSU32380	1.34804893801963
BSU32390	1.5253638945937036
BSU32400	
BSU32410	1.692266596981353
BSU32420	1.6416390492129653
BSU32430	0.9877602012291041
BSU32440	0.6415992906665725
BSU32450	1.4763411220855782
BSU32460	1.0289811644797733
BSU32470	1.16248467663122
BSU32480	
BSU32490	1.1323873859772056
BSU32500	2.131920564644591
BSU32510	
BSU32520	1.443933614390437
BSU32530	1.0876987925256831
BSU32540	0.9050710880822522
BSU32550	2.4670874134096357
BSU32560	1.6753383535554418
BSU32570	3.5361352942784423
BSU32580	1.6248683985589283
BSU32590	3.2011135447240506
BSU32600	1.1474057494228085
BSU32610	0.774666851562924
BSU32620	0.6838131467126464
BSU32630	0.9821597968004991
BSU32650	1.2387772507408568
BSU32660	1.411747779924906
BSU32670	1.1174298952715576
BSU32680	0.7532814661481656
BSU32690	0.7291982515100234
BSU32700	0.6024427848687681
BSU32710	0.5228965315049761
BSU32720	0.8759732036099255
BSU32730	0.30451885182294164
BSU32740	0.24431956205967909
BSU32750	0.43110463401754867
BSU32760	0.3310027981551068
BSU32770	0.3870294324507155
BSU32780	0.5950472308542055
BSU32790	0.9182529202989211
BSU32800	0.8008128929686739
BSU32810	0.5426371073807078
BSU32820	1.0582150016914458
BSU32830	1.3957385950825656
BSU32850	
BSU32860	1.0582150016914458
BSU32870	1.2080818139511238
BSU32880	1.2080818139511238
BSU32890	1.2542133082277942
BSU32900	1.692266596981353
BSU32910	0.8200192765601205
BSU32920	1.1174298952715576
BSU32930	0.9416737179587061
BSU32940	1.1025335922106547
BSU32950	0.9631346735872386
BSU32970	0.7721335636596693
BSU32980	1.411747779924906
BSU32320	0.8010824334803921
BSU32310	1.0729258200133638
BSU32300	1.0144588250362492
BSU32290	1.6248683985589283
BSU32280	1.3638889225164361
BSU32270	1.7949236765349494
BSU32220	0.9449330155656737
BSU32200	1.300871475965767
BSU32180	
BSU32170	0.533214506264613
BSU32160	0.8639470264818834
BSU31220	1.7604987964997776
BSU31740	1.7092469612779397
BSU31480	0.6999192680129376
BSU31500	0.33708276881277854
BSU32230	
BSU33030	1.4763411220855782
BSU31670	
BSU31380	1.1174298952715576
BSU32190	
BSU31730	1.0289811644797733
BSU32210	1.7604987964997776
BSU31810	0.8303559539043421
BSU31820	
BSU32120	1.0144588250362492
BSU33530	3.600080887645279
BSU33560	1.2387772507408568
BSU33570	0.9353068366392745
BSU33580	1.1174298952715576
BSU33590	1.7092469612779397
BSU33600	0.9326225809515137
BSU33610	
BSU33620	1.0582150016914458
BSU33630	1.5418136325895337
BSU33640	1.2542133082277942
BSU33660	0.6857397996573684
BSU33670	0.6761231966354129
BSU33680	1.16248467663122
BSU33690	0.8076948788217554
BSU33740	1.2387772507408568
BSU33750	0.9193774764561391
BSU33760	0.40756965719809657
BSU33770	0.9286711542831898
BSU33780	1.223399991648671
BSU33790	1.2387772507408568
BSU33840	1.300871475965767
BSU33850	1.0
BSU33860	0.5277513173995382
BSU33870	0.3530065517580409
BSU33880	0.537859840111765
BSU33890	0.6519486961747497
BSU33950	1.1174298952715576
BSU33980	0.9251474470099217
BSU33990	1.42781286726847
BSU34000	1.223399991648671
BSU34010	
BSU34020	0.7821481760082707
BSU34030	1.6584624363872555
BSU34850	0.5531925850628509
BSU34840	0.5500674301487307
BSU34820	
BSU34810	0.8059389312708941
BSU34800	0.4253216711703089
BSU34780	1.1025335922106547
BSU34770	1.0582150016914458
BSU34760	1.1025335922106547
BSU34750	0.9385593647762848
BSU34730	1.1323873859772056
BSU34720	1.269707882203211
BSU34710	0.8345836226585702
BSU34700	1.2080818139511238
BSU34690	1.2080818139511238
BSU34680	1.4763411220855782
BSU34670	1.2080818139511238
BSU34660	1.34804893801963
BSU34650	1.1776238619594184
BSU34640	0.602936817506106
BSU34630	1.300871475965767
BSU34620	1.7604987964997776
BSU34610	
BSU34600	1.8122126368665468
BSU34590	1.1025335922106547
BSU34580	1.411747779924906
BSU34570	1.3165399524919772
BSU34560	1.5583174024600557
BSU34550	1.9700755750823085
BSU34530	1.1174298952715576
BSU34520	0.9568658385113326
BSU34510	
BSU34500	1.5748749825997468
BSU34490	1.1174298952715576
BSU34480	0.8745882918110698
BSU34470	
BSU34460	
BSU34420	
BSU34410	
BSU34370	0.4798301580937873
BSU34360	0.5875572223277841
BSU34350	0.8062090007081548
BSU34340	0.6280461995860345
BSU34330	0.6800930057519152
BSU34320	1.42781286726847
BSU34310	1.0876987925256831
BSU34300	0.76454899884382
BSU34290	1.1776238619594184
BSU34280	1.3957385950825656
BSU34265	1.4647188188177336
BSU34250	0.974421544247997
BSU34240	1.0876987925256831
BSU34230	1.1474057494228085
BSU34220	0.832400777014679
BSU34210	
BSU34190	
BSU34180	
BSU34160	1.3165399524919772
BSU34150	1.269707882203211
BSU34140	1.0
BSU34120	
BSU34110	1.0144588250362492
BSU34100	0.9510357444220768
BSU34090	0.949331444274262
BSU34080	1.192823007582393
BSU34070	0.96898737991472
BSU34060	1.192823007582393
BSU34050	0.48213512591434604
BSU34040	1.0876987925256831
BSU33360	0.7884441458834083
BSU33370	1.3638889225164361
BSU33380	2.391315538431286
BSU33390	1.4601097775553284
BSU33400	0.5710849473223725
BSU33410	1.2387772507408568
BSU33440	3.6429061246462706
BSU33430	5.139288162034968
BSU33450	1.2852606959547999
BSU33460	1.0729258200133638
BSU33470	0.4850210970104932
BSU33480	0.575219967595084
BSU33510	0.9545893795711907
BSU33520	0.6232986861892827
BSU35520	0.5705990768856286
BSU35480	0.8774973838623568
BSU35390	0.9252883169834908
BSU35380	0.9738490878011976
BSU35280	0.7158795037757295
BSU35240	
BSU35220	0.9106732289174885
BSU35210	1.1323873859772056
BSU35200	0.9430903789505751
BSU35190	0.708339782235998
BSU35140	0.9026933928722356
BSU35130	1.8818742373630444
BSU35120	2.316273367333991
BSU35110	2.4101904421029468
BSU35100	2.0956171723557393
BSU35090	1.8818742373630444
BSU35080	1.300871475965767
BSU35070	1.508968411247998
BSU35050	0.9329050227613216
BSU35040	
BSU35030	0.926274586124465
BSU35000	0.9384178782319748
BSU34980	1.6416390492129653
BSU34960	1.492627410783256
BSU34950	0.6393342815976244
BSU34940	0.8543079141219826
BSU33010	1.0876987925256831
BSU33020	1.0435666707863618
BSU33080	1.0729258200133638
BSU33090	1.5748749825997468
BSU33100	1.3638889225164361
BSU33110	1.8818742373630444
BSU33120	1.1474057494228085
BSU33130	
BSU33140	1.269707882203211
BSU33150	0.9629920602749339
BSU33160	1.0729258200133638
BSU33170	1.42781286726847
BSU33180	1.1474057494228085
BSU33190	1.6248683985589283
BSU33200	1.269707882203211
BSU33210	0.7032837649768081
BSU33221	0.7165306258090273
BSU33230	1.7949236765349494
BSU33240	0.9491894614900681
BSU33250	1.0144588250362492
BSU33260	1.225734661000163
BSU33270	0.9052110129318304
BSU33280	0.5959086002274426
BSU33350	0.7061345110994389
BSU33330	0.6239227271352574
BSU33000	1.4278757302554792
BSU35350	0.6594265778797792
BSU35310	1.4601097775553284
BSU35510	0.7758677186399574
BSU35440	0.9439406892450861
BSU35420	0.7535459942265993
BSU35660	0.6698629056280077
BSU34830	0.708210001486551
BSU35150	0.5365483665344958
BSU33650	
BSU35230	0.850187037998451
BSU38550	0.34590148116046615
BSU38490	1.5914861528325137
BSU38480	2.896499508885311
BSU38470	
BSU38450	0.866845224146632
BSU38440	
BSU38390	
BSU38380	0.885408412831067
BSU38370	0.719006544555509
BSU38360	1.1474057494228085
BSU38350	0.49220105972013517
BSU38340	0.4590116476957956
BSU38330	
BSU38320	0.7880418132752351
BSU38310	1.0435666707863618
BSU38280	0.47442684909501165
BSU38270	0.4458915290277526
BSU38260	1.1474057494228085
BSU38250	0.73641111650084
BSU38240	1.2542133082277942
BSU38230	0.8356757023546247
BSU38220	0.9533096021460256
BSU38210	0.7347042923914224
BSU38130	1.1174298952715576
BSU38120	2.4291108158880794
BSU38110	1.1025335922106547
BSU38100	2.9969970289718977
BSU38080	1.3322658616034606
BSU38060	
BSU38030	0.7479968928201831
BSU38000	0.8926444657863648
BSU37990	
BSU37980	0.8060739631426918
BSU37960	1.192823007582393
BSU37950	1.300871475965767
BSU37940	1.8469426548332482
BSU37930	1.7262792485480012
BSU37920	
BSU37800	0.981729400670318
BSU37750	0.9391253749859373
BSU37740	
BSU37730	0.36586433488825054
BSU37720	0.4517585212191673
BSU37710	0.4309931970972748
BSU37700	0.40713157812881173
BSU37690	
BSU37680	0.4431916366950546
BSU37670	0.813240540029042
BSU37650	1.0729258200133638
BSU37640	1.4763411220855782
BSU37630	0.9235983195129883
BSU37620	
BSU37600	0.9202211706046868
BSU37590	0.8360853456583479
BSU37580	0.8932018337558935
BSU37550	0.8886067458150256
BSU37540	1.0144588250362492
BSU37530	0.5365483665344958
BSU37520	0.5848630609490257
BSU37510	
BSU37500	0.5890283647616601
BSU37490	1.5914861528325137
BSU37480	0.7805431784751067
BSU37450	1.6248683985589283
BSU37440	2.260476041646887
BSU37430	1.42781286726847
BSU37420	1.3638889225164361
BSU37410	1.269707882203211
BSU37400	1.3165399524919772
BSU37390	1.0
BSU37380	1.9170059330024374
BSU37370	2.9165147598268475
BSU37340	0.511348383998548
BSU37300	1.1776238619594184
BSU37290	1.8469426548332482
BSU37240	1.1174298952715576
BSU37230	1.3322658616034606
BSU37220	0.9312107666012638
BSU37210	0.989772984237308
BSU37200	
BSU37180	1.2080818139511238
BSU37140	1.34804893801963
BSU37110	1.0289811644797733
BSU37090	1.16248467663122
BSU37050	
BSU37040	1.223399991648671
BSU37030	0.8614652288509136
BSU37020	0.7122365796299704
BSU37000	0.5578904896326533
BSU36990	0.738382038485976
BSU36980	0.7073017441616488
BSU36960	0.8548578253609429
BSU36950	0.9717032961448644
BSU36940	0.6617131685989939
BSU36930	0.5884152516756193
BSU36920	0.6284214738007566
BSU36910	0.5121706242346137
BSU36790	1.2852606959547999
BSU36770	0.637197365149194
BSU36740	0.9597137519839336
BSU36730	1.16248467663122
BSU36720	
BSU36680	4.326107889488817
BSU36670	4.8322506441161375
BSU36630	1.4601097775553284
BSU36620	1.5583174024600557
BSU36610	0.8678119510922948
BSU36590	1.3322658616034606
BSU36580	
BSU36570	
BSU36560	0.6056562173436918
BSU36540	1.223399991648671
BSU36530	0.667822602389083
BSU36500	0.8101281256580573
BSU36490	1.223399991648671
BSU36480	1.5418136325895337
BSU36470	2.260476041646887
BSU36460	0.6666757721342912
BSU36450	0.716270154808787
BSU36440	0.7801420870527522
BSU36370	1.16248467663122
BSU36360	1.1025335922106547
BSU36350	0.9751372594203905
BSU36340	
BSU36330	0.8055338795310653
BSU36320	1.1174298952715576
BSU36310	0.5534332064512882
BSU36280	1.2080818139511238
BSU36270	1.411747779924906
BSU36260	0.5628424343232066
BSU36250	1.6753383535554418
BSU36240	1.0876987925256831
BSU36230	1.300871475965767
BSU36220	0.6890832679034755
BSU36210	0.6771469805141366
BSU36200	1.2852606959547999
BSU36190	0.761362379419732
BSU36180	1.2080818139511238
BSU36170	0.7625568827158128
BSU36160	1.934646375304532
BSU36150	1.1323873859772056
BSU36140	1.508968411247998
BSU36130	1.6248683985589283
BSU36120	1.7776856665577871
BSU36110	1.2080818139511238
BSU36100	1.492627410783256
BSU36090	0.9657028140628472
BSU36080	0.7264500025169961
BSU36040	
BSU36030	1.3638889225164361
BSU35990	0.8474431869684281
BSU35980	1.1174298952715576
BSU35970	1.9878639852271824
BSU35900	
BSU35890	
BSU35880	0.9394084193061828
BSU35870	0.4927814980544533
BSU35860	1.0289811644797733
BSU35850	0.5829060592365586
BSU35840	1.0582150016914458
BSU35830	1.3957385950825656
BSU38180	0.7396968846773969
BSU36780	0.828448845114026
BSU37610	0.8544453816155748
BSU40040	1.1323873859772056
BSU40030	1.2080818139511238
BSU40022	1.3797855589095749
BSU40010	0.780676889167473
BSU39990	1.1174298952715576
BSU39980	
BSU39970	0.6970762554285306
BSU39960	0.4083366427542404
BSU39950	0.5446713672857196
BSU39940	0.7003072259572415
BSU39930	0.2774574114017144
BSU39900	0.3694727114351553
BSU39890	0.39459889054168296
BSU39880	0.5438334484176541
BSU39870	
BSU39850	1.1174298952715576
BSU39840	1.1174298952715576
BSU39830	0.8812419972778862
BSU39810	2.620785610074237
BSU39800	0.6030603453830744
BSU39790	0.5663531264505915
BSU39660	1.42781286726847
BSU39650	1.269707882203211
BSU39640	
BSU39630	0.9269792617738677
BSU39620	
BSU39610	1.0876987925256831
BSU39600	0.45844372179314946
BSU39590	1.16248467663122
BSU39580	1.2542133082277942
BSU39570	
BSU39560	2.2235106173076353
BSU39550	1.8122126368665468
BSU39540	2.20509818885424
BSU39530	
BSU39520	0.9562965674884162
BSU39510	1.8994151614004477
BSU39500	1.6584624363872555
BSU39490	1.3957385950825656
BSU39480	1.6416390492129653
BSU39470	2.023587576276168
BSU39460	2.8168631565788163
BSU39450	3.1599609723487343
BSU39330	0.8463464083919303
BSU39320	0.8177125696290846
BSU39310	
BSU39300	0.6874109102013265
BSU39250	1.1174298952715576
BSU39210	0.5479070462791615
BSU39190	0.8989210007091746
BSU39180	0.8662929570841678
BSU39160	1.0
BSU39150	1.0582150016914458
BSU39140	1.0582150016914458
BSU39120	0.876111732205087
BSU39100	1.1776238619594184
BSU39090	0.8230073858862119
BSU39060	1.5253638945937036
BSU39040	0.9235983195129883
BSU39030	0.9290942752145651
BSU39020	0.601455092223276
BSU39010	0.9629920602749339
BSU39000	
BSU38990	1.1025335922106547
BSU38980	1.269707882203211
BSU38970	0.871128954240006
BSU38960	0.9324813702014338
BSU38950	1.0289811644797733
BSU38940	0.8536206761449927
BSU38930	0.9360136137552565
BSU38910	1.2387772507408568
BSU38900	1.0876987925256831
BSU38890	0.5447911024790522
BSU38880	0.7444362667219502
BSU38870	0.8593987389528088
BSU38850	0.6143337823991376
BSU38840	0.4562875719484103
BSU38820	1.1323873859772056
BSU38800	1.3165399524919772
BSU38780	1.1174298952715576
BSU38770	2.297627895625568
BSU38720	1.5253638945937036
BSU38710	1.3797855589095749
BSU38690	0.9052110129318304
BSU38680	1.1323873859772056
BSU38670	0.8032397650425975
BSU38660	1.443933614390437
BSU38650	1.5418136325895337
BSU38640	1.2387772507408568
BSU38620	1.0435666707863618
BSU40000	
BSU39910	0.8352661211030619
BSU39440	1.7776856665577871
BSU39290	0.7603010809555798
BSU39280	0.51123095405562
BSU39240	0.6049141904364657
BSU39200	0.7494490120798073
BSU38790	1.1025335922106547
BSU38610	
BSU39170	0.9387008576335003
BSU40990	1.0144588250362492
BSU40980	
BSU40950	
BSU40940	0.8412794838249237
BSU40930	0.7041904365086662
BSU40920	0.7684049416637061
BSU40870	1.2387772507408568
BSU40860	0.7164003867096581
BSU40850	0.9886226679773096
BSU40840	0.7599032108171151
BSU40830	0.6097423494453003
BSU40820	0.6689700380702246
BSU40810	
BSU40800	1.3957385950825656
BSU40790	0.6338079553334321
BSU40760	
BSU40750	0.7597706018010518
BSU40740	
BSU40730	
BSU40720	
BSU40710	0.966559327846393
BSU40700	1.0729258200133638
BSU40690	0.9158646428879644
BSU40680	0.6284214738007566
BSU40670	0.9057707756134618
BSU40660	0.8716821651695988
BSU40650	1.2852606959547999
BSU40630	
BSU40620	0.5934485593897807
BSU40610	0.4138279558946263
BSU40590	0.30662456410327804
BSU40580	0.5320253885185281
BSU40570	1.0582150016914458
BSU40560	1.508968411247998
BSU40550	0.6890832679034755
BSU40540	1.1474057494228085
BSU40520	1.2852606959547999
BSU40510	1.16248467663122
BSU40490	1.7092469612779397
BSU40480	0.6234234787140452
BSU40470	0.8113455911333133
BSU40450	1.5914861528325137
BSU40430	1.2387772507408568
BSU40410	0.8382711481707272
BSU40400	1.0435666707863618
BSU40390	0.861603049328384
BSU40380	0.9638478353288593
BSU40370	1.1776238619594184
BSU40290	
BSU40280	
BSU40270	1.411747779924906
BSU40260	0.8730656644158483
BSU40250	1.1323873859772056
BSU40240	1.223399991648671
BSU40230	0.7730665839816258
BSU40220	1.0435666707863618
BSU40210	0.844428096195351
BSU40200	1.34804893801963
BSU40180	1.5748749825997468
BSU40170	0.6770189820394052
BSU40160	1.1025335922106547
BSU40150	1.2080818139511238
BSU40140	0.9402577106755639
BSU40130	0.8578842811882255
BSU40360	1.300871475965767
BSU40460	1.1025335922106547
BSU40120	0.9217685595013172
