BSU26790	0.8902768457370507
BSU27090	1.1474057494228085
BSU28720	0.7453588915312225
BSU14480	0.9412488468452431
BSU28810	0.9782883226100906
BSU00370	2.316273367333991
BSU29200	1.2542133082277942
BSU24350	0.5513889480655525
BSU24340	0.7887124028610407
BSU37170	1.0144588250362492
BSU29470	0.7519592525042891
BSU08070	1.1025335922106547
BSU08090	2.4291108158880794
BSU08100	1.3638889225164361
BSU15920	0.9648465343998832
BSU29680	1.269707882203211
BSU29690	0.76454899884382
BSU29700	1.269707882203211
BSU29710	1.2542133082277942
BSU10620	1.6416390492129653
BSU14520	0.6820164392207022
BSU01370	0.9073106715498445
BSU40090	2.0057013758908875
BSU40100	3.242429106079085
BSU24250	0.6083793692606146
BSU27410	1.300871475965767
BSU31930	1.34804893801963
BSU39860	1.269707882203211
BSU38830	1.269707882203211
BSU01800	0.7934114297249008
BSU36000	1.9878639852271824
BSU36020	1.3957385950825656
BSU36010	1.5748749825997468
BSU18120	0.5200611022410724
BSU03010	1.492627410783256
BSU14450	0.7546043921258061
BSU30290	1.0144588250362492
BSU03040	1.2387772507408568
BSU29930	1.411747779924906
BSU23580	0.6629845461780388
BSU23570	0.9186745796514187
BSU23590	1.1323873859772056
BSU11390	0.914881789368142
BSU11400	0.9584318698417955
BSU11360	0.9728475377827598
BSU11370	1.0876987925256831
BSU10300	1.6081506963480425
BSU17260	1.0
BSU27610	0.48063651145372444
BSU28800	1.0144588250362492
BSU28790	0.9757099481593496
BSU33960	1.3638889225164361
BSU28770	1.5748749825997468
BSU28760	1.42781286726847
BSU28750	0.6694802030778846
BSU28740	0.6426067494562693
BSU28730	0.6422288953644663
BSU11210	1.0
BSU11190	0.36216120268263874
BSU11220	0.7441727241332671
BSU19710	1.2852606959547999
BSU11250	0.6354392010346318
BSU29450	0.48317346694159896
BSU29440	1.0582150016914458
BSU11200	0.5265659542620439
BSU37330	1.1474057494228085
BSU29750	0.8600873999925799
BSU22700	0.9450748020618782
BSU23080	0.5525911720052489
BSU25660	0.4526632216744157
BSU22600	1.3322658616034606
BSU22710	0.9792915871199382
BSU22690	0.9452165956547921
BSU03150	1.0289811644797733
BSU16750	0.9003176180239775
BSU28470	1.381059322229685
BSU30540	0.6963015054256482
BSU39920	1.2852606959547999
BSU22360	1.0729258200133638
BSU22370	0.7680057752545835
BSU27550	1.2852606959547999
BSU36830	1.223399991648671
BSU36870	0.740091478373888
BSU36800	0.9622790929314344
BSU36810	1.492627410783256
BSU36860	0.7528847269204253
BSU36850	0.7970422398812494
BSU36820	0.8938986930193338
BSU36840	0.7432505508257
BSU36880	0.5426371073807078
BSU26720	1.1474057494228085
BSU26700	0.6448753052950685
BSU25290	0.7908594669840343
BSU24050	0.8691935641192274
BSU24040	1.3322658616034606
BSU24030	0.9835948662509993
BSU40110	1.5583174024600557
BSU18130	0.992362695555998
BSU39260	1.6416390492129653
BSU39270	2.5243899233020812
BSU30230	2.391315538431286
BSU30200	1.3638889225164361
BSU30210	1.3957385950825656
BSU30220	1.9170059330024374
BSU30190	1.1323873859772056
BSU30240	1.411747779924906
BSU22440	0.9834513299067974
BSU26590	0.7248810047339087
BSU26580	0.7233130478181735
BSU24010	1.934646375304532
BSU24020	1.34804893801963
BSU24000	1.8469426548332482
BSU00230	0.5664743038675231
BSU27750	2.56281512112143
BSU26690	0.7462818665070768
BSU21900	0.8847135921864888
BSU14630	0.4623098683555572
BSU03180	0.573759503448441
BSU11230	0.9672732668996996
BSU11240	1.0144588250362492
BSU25190	1.3957385950825656
BSU35270	0.8016215999252826
BSU17930	0.8856863888145449
BSU29740	0.6281712836728641
BSU25300	0.6717774230650659
BSU16540	0.7825495835627051
BSU19780	1.3165399524919772
BSU19790	1.2387772507408568
BSU19770	0.7931426833262615
BSU19750	1.1776238619594184
BSU16430	1.1776238619594184
BSU16420	0.932340165914989
BSU16450	1.2080818139511238
BSU16460	0.911794929679207
BSU22720	0.5738811654091112
BSU14010	2.6986952919077516
BSU16440	0.9481957658357415
BSU16330	1.1323873859772056
BSU16930	0.9351655018791727
BSU09440	0.9261336706500316
BSU29130	1.3797855589095749
BSU33040	1.1174298952715576
BSU07610	1.269707882203211
BSU09430	2.0595057441718208
BSU07590	0.9543049390486671
BSU29140	1.0876987925256831
BSU00860	1.4763411220855782
BSU13700	1.1776238619594184
BSU34540	0.8566457888929836
BSU16150	0.6766350295953608
BSU28220	0.7428554413209837
BSU16160	0.6055325271159713
BSU22890	0.4117386057687739
BSU16140	0.5211238336095207
BSU16170	0.7616277749198458
BSU31680	0.9930824283163782
BSU28070	0.8094519987729998
BSU25590	0.8826301326078317
BSU25580	0.8844357101387085
BSU25570	0.8311736980871941
BSU25600	0.9551583382785763
BSU35470	0.9709883555376008
BSU35460	0.8078300005145855
BSU35450	0.7248810047339087
BSU24730	1.3638889225164361
BSU24720	1.6248683985589283
BSU24710	1.508968411247998
BSU24700	1.864383342561946
BSU24690	1.4763411220855782
BSU24680	1.508968411247998
BSU24670	1.1323873859772056
BSU10420	1.269707882203211
BSU31690	1.1323873859772056
BSU31710	1.4601097775553284
BSU03500	1.3638889225164361
BSU31700	1.192823007582393
BSU06300	1.269707882203211
BSU17700	1.0144588250362492
BSU22200	0.5911144154212117
BSU17030	0.8745882918110698
BSU36060	1.4601097775553284
BSU17990	1.1776238619594184
BSU17970	1.3957385950825656
BSU24620	0.6059036214940231
BSU30900	0.9026933928722356
BSU11780	0.9453583953958675
BSU34740	0.875834682029369
BSU19040	0.6204305670419117
BSU35180	1.3797855589095749
BSU08600	4.485285064398136
BSU27760	1.300871475965767
BSU00240	0.36692449382176173
BSU02070	0.8971063940284867
BSU26890	1.3797855589095749
BSU09100	1.5583174024600557
BSU05120	1.9523363156428246
BSU21930	1.6416390492129653
BSU08930	0.7307701090484428
BSU35370	1.0435666707863618
BSU28710	1.1025335922106547
BSU14870	2.023587576276168
BSU14880	1.8469426548332482
BSU14890	1.192823007582393
BSU14900	1.692266596981353
BSU14910	1.2387772507408568
BSU14920	0.9068906204612048
BSU14930	1.1474057494228085
BSU00520	1.223399991648671
BSU37150	0.9551583382785763
BSU00830	0.9419569981217772
BSU25900	0.8827689830133881
BSU17410	0.843058690843352
BSU38760	6.423541158775384
BSU38750	112.99865760047918
BSU38730	3.388305537552338
BSU26740	0.6056562173436918
BSU35060	1.34804893801963
BSU00930	0.7857631168734612
BSU15570	0.6109822347065158
BSU00730	0.5136987160130342
BSU00940	0.6524548438549843
BSU00100	0.5019802167156141
BSU23480	1.2080818139511238
BSU04640	0.8441541600311999
BSU16770	1.0435666707863618
BSU22490	0.4234362925586879
BSU16760	1.16248467663122
BSU13540	1.16248467663122
BSU04560	0.7415388737146342
BSU39110	0.7449634382361057
BSU15720	0.5613916953017405
BSU10840	1.1474057494228085
BSU31720	1.411747779924906
BSU21940	1.4601097775553284
BSU35500	1.0582150016914458
BSU35490	1.508968411247998
BSU19630	0.8196120659264295
BSU39430	1.0876987925256831
BSU21810	0.8801319725035854
BSU25310	0.7074314737826375
BSU19310	1.1323873859772056
BSU31970	1.864383342561946
BSU31990	2.3349650123399206
BSU31980	1.6248683985589283
BSU31960	1.7604987964997776
BSU22400	0.9511778112412174
BSU15240	0.720049820663466
BSU00620	0.7366738124699811
BSU15420	1.0289811644797733
BSU38500	0.8058039075148907
BSU38510	0.5708419960882294
BSU38520	0.7470732669992813
BSU38530	1.1776238619594184
BSU38540	0.9625642603969871
BSU00010	0.34683931030004256
BSU28990	0.6624759053938275
BSU40440	0.8507361351008857
BSU22350	0.6099902649746975
BSU29230	1.34804893801963
BSU25210	0.8657407977320906
BSU28980	0.8272235575256155
BSU25470	1.443933614390437
BSU00020	0.3902679759481661
BSU00190	0.5768034215943226
BSU12920	0.5678077845591494
BSU12930	1.0
BSU12950	1.2080818139511238
BSU30650	7.176800378483365
BSU39420	1.3797855589095749
BSU23500	1.0876987925256831
BSU13650	1.443933614390437
BSU10040	1.223399991648671
BSU10050	1.3165399524919772
BSU10060	1.16248467663122
BSU24450	1.0289811644797733
BSU33900	1.5748749825997468
BSU38400	1.0435666707863618
BSU28520	1.0729258200133638
BSU28530	1.0
BSU40880	0.6165712705191744
BSU05610	1.3322658616034606
BSU15900	1.0144588250362492
BSU15910	1.1323873859772056
BSU37120	1.3957385950825656
BSU40190	0.8754191585359081
BSU23040	0.7875054670663267
BSU01630	1.1474057494228085
BSU01620	1.1323873859772056
BSU01610	1.0876987925256831
BSU15980	0.8250466432276414
BSU33310	1.2387772507408568
BSU33290	1.0144588250362492
BSU33300	1.0582150016914458
BSU16180	0.8438802519737572
BSU16190	0.8996192263639712
BSU16290	1.223399991648671
BSU35410	1.223399991648671
BSU35400	1.2852606959547999
BSU35430	0.9292353280061675
BSU16390	1.16248467663122
BSU16380	1.0
BSU16400	1.192823007582393
BSU36400	1.1776238619594184
BSU36390	1.6416390492129653
BSU35340	1.3165399524919772
BSU16200	0.9840255124297336
BSU16210	1.269707882203211
BSU16220	1.42781286726847
BSU16230	1.3957385950825656
BSU16240	1.1323873859772056
BSU16250	1.0435666707863618
BSU16270	1.0144588250362492
BSU16300	1.0289811644797733
BSU16310	1.443933614390437
BSU16350	1.0876987925256831
BSU16360	1.2542133082277942
BSU16370	1.3638889225164361
BSU35330	1.1776238619594184
BSU35320	1.3165399524919772
BSU16320	1.0729258200133638
BSU16340	1.4763411220855782
BSU15730	0.7097678459150775
BSU37310	3.098539495529768
BSU00780	0.6418511100492136
BSU28080	1.300871475965767
BSU24310	0.8118868669041626
BSU00790	0.6284214738007566
BSU16520	0.5310746812362357
BSU14400	1.8818742373630444
BSU14390	2.353702680711016
BSU14380	2.041522422371882
BSU15280	0.9678445339766601
BSU35260	0.7061345110994389
BSU00690	1.1174298952715576
BSU15150	0.7354919065588748
BSU35250	0.9469186266461729
BSU15950	0.8588479318050345
BSU15290	1.7433632589376395
BSU01120	1.2387772507408568
BSU06310	1.1474057494228085
BSU38860	0.9360136137552565
BSU29020	1.34804893801963
BSU31050	1.1174298952715576
BSU00500	1.1174298952715576
BSU03930	0.8326735369983034
BSU33050	1.0729258200133638
BSU33060	0.8937593075376549
BSU33070	0.7912622403553441
BSU35800	1.1474057494228085
BSU35810	0.9880476644771692
BSU22760	0.4322194861370837
BSU22750	0.6734380267966701
BSU22740	0.5764378908168023
BSU28410	1.1776238619594184
BSU03700	1.192823007582393
BSU03720	0.7419337689306246
BSU03710	0.9391253749859373
BSU28380	1.0144588250362492
BSU35690	0.5853526259190364
BSU35680	0.24488147916414602
BSU18410	1.6248683985589283
BSU16130	0.5160523526619318
BSU41010	0.9005970209233952
BSU41000	0.9224721815716744
BSU24850	0.992794515879026
BSU36300	0.619060293101383
BSU13880	0.9196586816338448
BSU30950	0.8114808991601075
BSU30980	0.835539168278035
BSU30940	1.0
BSU01780	0.5651417863647883
BSU17460	1.5748749825997468
BSU27440	1.0582150016914458
BSU27450	1.0729258200133638
BSU27460	1.0729258200133638
BSU27430	0.8725121844651739
BSU17450	1.16248467663122
BSU09300	0.39492429961178716
BSU09280	0.3350179585439586
BSU09290	0.29743262953079835
BSU09270	1.0144588250362492
BSU02140	1.1323873859772056
BSU18440	0.8633953263082298
BSU18460	0.9497574317415297
BSU02340	1.1323873859772056
BSU10220	1.223399991648671
BSU00920	0.9464930303146182
BSU08180	0.8445650743856814
BSU36900	1.0
BSU25270	0.9902044589349166
BSU25260	0.9164264187291259
BSU40060	1.7949236765349494
BSU40070	1.443933614390437
BSU40050	2.0057013758908875
BSU40080	0.9406824438837058
BSU25540	0.9477699944999974
BSU22830	0.9891977746337625
BSU27320	0.9472023896488037
BSU18100	0.7726666757459248
BSU18090	0.9141799491485312
BSU06030	3.0374893788935684
BSU06020	3.0374893788935684
BSU25480	0.9358722451916859
BSU08710	0.8558204324684158
BSU04400	2.5052442480620796
BSU38430	9.267452494520567
BSU06360	0.8245026895089442
BSU00090	0.6510632280428895
BSU06140	1.1025335922106547
BSU00070	0.9425236359908893
BSU00060	0.8434694405453101
BSU35360	1.8122126368665468
BSU22790	1.42781286726847
BSU28170	2.4101904421029468
BSU28130	1.0582150016914458
BSU28150	1.508968411247998
BSU28140	1.1474057494228085
BSU10120	1.223399991648671
BSU10130	1.6584624363872555
BSU28120	1.492627410783256
BSU25500	0.6893406644474316
BSU28160	1.7604987964997776
BSU10140	1.492627410783256
BSU29290	1.0289811644797733
BSU34880	1.0582150016914458
BSU34900	1.0144588250362492
BSU22620	0.6938498738338783
BSU34910	1.3165399524919772
BSU34870	1.0876987925256831
BSU34920	1.0876987925256831
BSU34890	1.0144588250362492
BSU34860	1.0729258200133638
BSU29340	0.9828772504624268
BSU27560	0.7510341278811372
BSU34930	0.8171701049508292
BSU10030	1.2542133082277942
BSU13040	0.8540329985088202
BSU00310	0.9008764510743428
BSU32260	1.2387772507408568
BSU09990	1.1323873859772056
BSU00680	0.8251826493498251
BSU25490	1.2542133082277942
BSU39820	1.300871475965767
BSU12900	0.5109961193675143
BSU39380	0.9886226679773096
BSU39350	1.0435666707863618
BSU39370	1.9878639852271824
BSU39390	0.6943657861133425
BSU39340	2.3724862359765595
BSU39360	1.492627410783256
BSU15430	0.9810122041247673
BSU21770	1.4601097775553284
BSU28310	0.9109536146298465
BSU21870	0.8811032205228247
BSU28300	0.8211054761537181
BSU01390	0.6645111868379262
BSU28870	0.6274208954190669
BSU39760	0.8554078459267339
BSU39750	1.1323873859772056
BSU39740	1.443933614390437
BSU39730	1.3638889225164361
BSU39720	1.223399991648671
BSU39710	1.3957385950825656
BSU39700	1.3797855589095749
BSU39690	1.8994151614004477
BSU39680	1.6081506963480425
BSU39670	1.3638889225164361
BSU39770	0.7414072563141553
BSU39780	1.16248467663122
BSU11130	0.7901883169831967
BSU13190	0.9028332047268045
BSU13200	0.7805431784751067
BSU41030	0.7830848911907429
BSU31460	0.7710676778180816
BSU31470	1.192823007582393
BSU08820	3.557411401630271
BSU39050	2.4480765167404157
BSU38630	3.388305537552338
BSU01560	1.3797855589095749
BSU17000	1.192823007582393
BSU22110	1.0582150016914458
BSU22120	0.7785383542985115
BSU22090	1.443933614390437
BSU22140	1.2080818139511238
BSU22130	1.1025335922106547
BSU13990	0.9075907389662359
BSU31450	0.871543852387978
BSU14490	1.0729258200133638
BSU00420	0.8016215999252826
BSU34130	1.1025335922106547
BSU28560	1.4601097775553284
BSU03050	731.8628770652978
BSU03060	228.67261183540566
BSU28280	0.9571505130322231
BSU28270	0.7696028233833198
BSU28260	1.443933614390437
BSU28250	1.1776238619594184
BSU27060	0.7817468312955147
BSU27050	0.649546142685017
BSU27040	0.9490474857052228
BSU27080	0.7705349046116127
BSU17850	1.192823007582393
BSU34990	1.42781286726847
BSU38570	1.2080818139511238
BSU38580	1.34804893801963
BSU38560	1.0289811644797733
BSU38600	1.2080818139511238
BSU39080	1.411747779924906
BSU32330	0.9632448283013904
BSU08350	1.0876987925256831
BSU02680	0.6473987980965372
BSU02670	1.1025335922106547
BSU28200	0.9697018682952857
BSU28210	1.2542133082277942
BSU07100	0.8302196870675499
BSU07110	0.814188523861254
BSU07120	0.7862990981023606
BSU07130	0.9329050227613216
BSU15450	0.6912720782869697
BSU23380	0.7527524950845613
BSU00820	0.8234151133544901
BSU35640	1.7433632589376395
BSU35620	1.7776856665577871
BSU35780	0.8852694358683636
BSU09420	1.2387772507408568
BSU35650	1.1025335922106547
BSU28930	0.9777151695932005
BSU28920	0.8607762298308317
BSU28050	0.904931171287877
BSU29880	1.3638889225164361
BSU01380	0.862154397438324
BSU36410	0.7303770473225359
BSU31240	1.692266596981353
BSU31260	1.492627410783256
BSU13950	3.815750561628476
BSU29120	1.443933614390437
BSU03070	0.887354803239937
BSU11520	1.5748749825997468
BSU11300	0.9677017080841714
BSU30800	1.6416390492129653
BSU30820	1.1174298952715576
BSU30790	1.5583174024600557
BSU30830	0.6886972282852408
BSU21910	0.75116626743637
BSU30550	1.1174298952715576
BSU00380	0.6852258630415355
BSU00550	1.192823007582393
BSU17330	0.8966877978110658
BSU28000	0.6726714377311351
BSU27990	0.7365424612439729
BSU24170	1.2542133082277942
BSU24150	1.223399991648671
BSU24140	1.1025335922106547
BSU24130	1.2852606959547999
BSU37570	1.0876987925256831
BSU29460	0.6035545331814888
BSU14310	0.9608536441301764
BSU14300	0.9028332047268045
BSU14260	0.7804094742954844
BSU14290	0.947486178942518
BSU14280	1.2852606959547999
BSU14270	1.0289811644797733
BSU13690	1.443933614390437
BSU13680	1.7604987964997776
BSU02240	0.7708012775572951
BSU15190	0.569142226153281
BSU28030	0.5493470125523161
BSU14470	1.2542133082277942
BSU28020	0.7680057752545835
BSU28010	0.5619960300957282
BSU32990	1.1025335922106547
BSU30270	1.0144588250362492
BSU30260	1.16248467663122
BSU38810	2.20509818885424
BSU36600	1.443933614390437
BSU03981	1.0582150016914458
BSU03990	1.223399991648671
BSU07340	0.5997278278096868
BSU22770	0.7528847269204253
BSU36760	1.0582150016914458
BSU15230	1.0144588250362492
BSU29790	1.0876987925256831
BSU15200	0.9624216738016228
BSU15180	0.47236247529052977
BSU04570	0.7880418132752351
BSU15220	0.6191848252698855
BSU37100	1.2387772507408568
BSU29080	1.0876987925256831
BSU17040	0.7661438393804038
BSU04330	1.34804893801963
BSU27860	1.6753383535554418
BSU03130	1.1174298952715576
BSU35010	1.8295523583368063
BSU35020	1.508968411247998
BSU05440	1.269707882203211
BSU36700	1.2852606959547999
BSU37250	1.42781286726847
BSU37260	1.2852606959547999
BSU37320	1.42781286726847
BSU36710	1.16248467663122
BSU03320	1.34804893801963
BSU03310	1.3165399524919772
BSU03300	1.508968411247998
BSU03290	1.0876987925256831
BSU03280	1.6753383535554418
BSU02750	0.5612708519056258
BSU01830	10.401871553247192
BSU22730	1.5914861528325137
BSU27880	1.5914861528325137
BSU29590	0.6000978276339326
BSU03420	0.9751372594203905
BSU11100	0.9830207610170099
BSU14700	1.5748749825997468
BSU17380	0.43545754895843714
BSU17390	0.703024781307315
BSU36510	1.6753383535554418
BSU36520	1.443933614390437
BSU22340	0.8024305570445545
BSU03430	0.9910675802314574
BSU39410	1.42781286726847
BSU16600	0.5909916436595161
BSU01010	0.3784339382518402
BSU27920	0.8221921163881908
BSU19370	1.3165399524919772
BSU19360	1.1174298952715576
BSU11430	1.6081506963480425
BSU11440	1.9523363156428246
BSU11450	1.4601097775553284
BSU11460	1.2852606959547999
BSU11470	1.3165399524919772
BSU02980	0.5533128920833905
BSU02990	0.7322118905090785
BSU03000	0.6620945033026067
BSU33720	0.890416063869826
BSU33710	0.7420654144978412
BSU33830	1.1025335922106547
BSU33820	1.1474057494228085
BSU33810	0.8254546809819503
BSU33800	1.3165399524919772
BSU30070	0.9548738456719933
BSU06660	0.962706853676519
BSU00750	0.8938986930193338
BSU00740	0.511348383998548
BSU00760	0.6208044388060988
BSU32140	0.7954279184004321
BSU22430	0.4945240723115309
BSU22420	0.6624759053938275
BSU22410	0.7986575654445626
BSU22450	0.962706853676519
BSU31440	1.16248467663122
BSU18350	1.1025335922106547
BSU15160	0.6743327193413129
BSU04140	0.9473442807741463
BSU31490	0.8183908056097671
BSU34440	1.0289811644797733
BSU10110	0.73641111650084
BSU16950	0.36681843568449785
BSU22060	0.9939463188151938
BSU30560	1.3797855589095749
BSU02650	0.7013421048187607
BSU14580	0.8419636581612239
BSU14590	1.0144588250362492
BSU14600	1.223399991648671
BSU14610	1.300871475965767
BSU39400	1.4601097775553284
BSU07560	2.1867328158910104
BSU18800	0.9343176249726289
BSU38920	1.443933614390437
BSU29190	0.6617131685989939
BSU31350	0.9672732668996996
BSU33930	1.3638889225164361
BSU33910	1.269707882203211
BSU16920	0.7539428398992714
BSU27900	1.0876987925256831
BSU27910	0.6960433138785227
BSU28640	0.7916650771452873
BSU09410	1.1174298952715576
BSU05740	0.9460674937656314
BSU02620	0.9984134219478046
BSU25340	0.7580473297391219
BSU29110	0.6542273087606609
BSU29100	0.9725614381591845
BSU12440	1.3638889225164361
BSU03780	1.5253638945937036
BSU25840	1.6081506963480425
BSU37470	1.3322658616034606
BSU40310	1.1025335922106547
BSU05020	0.7128866837644317
BSU18920	1.6416390492129653
BSU17080	0.6094944651926949
BSU17100	0.9531674371067106
BSU17110	1.0144588250362492
BSU17120	1.1323873859772056
BSU17140	1.1025335922106547
BSU17150	1.3797855589095749
BSU17160	1.2080818139511238
BSU17170	1.0435666707863618
BSU17180	1.3638889225164361
BSU17190	1.508968411247998
BSU17200	1.2080818139511238
BSU17210	1.266483150014016
BSU17220	1.2852606959547999
BSU17230	0.8805481814381032
BSU15890	0.8053988761172606
BSU35790	1.6081506963480425
BSU34390	1.223399991648671
BSU23490	1.192823007582393
BSU29090	1.192823007582393
BSU16580	1.0435666707863618
BSU22320	0.860362911182606
BSU23360	1.192823007582393
BSU18340	1.3957385950825656
BSU18330	1.2852606959547999
BSU18320	1.3322658616034606
BSU18310	1.42781286726847
BSU18300	1.7262792485480012
BSU37010	1.0876987925256831
BSU35290	1.411747779924906
BSU08970	0.8602251522995976
BSU13130	1.5748749825997468
BSU13120	1.0289811644797733
BSU18480	1.0
BSU18470	0.7593728171441791
BSU16570	1.0582150016914458
BSU00510	0.6208044388060988
BSU09950	0.5431155469712626
BSU02290	0.7798747274736543
BSU02270	1.2852606959547999
BSU37660	1.2852606959547999
BSU13890	1.223399991648671
BSU13900	1.1174298952715576
BSU40420	2.0595057441718208
BSU06440	0.7126266202476994
BSU06450	0.7634863383001834
BSU06530	1.223399991648671
BSU06420	0.6019488765222315
BSU06490	1.1776238619594184
BSU06520	0.9453583953958675
BSU06430	0.7965040212455659
BSU06480	0.7449634382361057
BSU06500	1.0876987925256831
BSU06510	0.8877720574516191
BSU06470	1.411747779924906
BSU00470	0.8120222026737532
BSU02230	1.1025335922106547
BSU14860	1.492627410783256
BSU29180	1.192823007582393
BSU15510	1.34804893801963
BSU15520	2.3349650123399206
BSU15490	1.0582150016914458
BSU15500	1.223399991648671
BSU15540	2.20509818885424
BSU15530	3.2011135447240506
BSU15560	1.6753383535554418
BSU15550	2.131920564644591
BSU15480	1.223399991648671
BSU15470	0.3895115752049778
BSU22560	1.1174298952715576
BSU22550	1.2852606959547999
BSU22540	1.0582150016914458
BSU38170	1.0144588250362492
BSU38160	1.42781286726847
BSU38150	1.34804893801963
BSU38140	1.4763411220855782
BSU27720	0.8581595758055782
BSU28390	0.749581066136146
BSU34430	1.34804893801963
BSU12430	1.7262792485480012
BSU36690	1.0876987925256831
BSU03770	1.3957385950825656
BSU36380	1.0582150016914458
BSU25830	1.300871475965767
BSU37460	0.9581470786699059
BSU40300	0.882213621547787
BSU05010	0.904791259837283
BSU02820	1.1174298952715576
BSU18910	1.269707882203211
BSU16650	1.2387772507408568
BSU35940	1.4601097775553284
BSU35960	1.192823007582393
BSU35950	0.7698690966018328
BSU35930	0.9969717494284935
BSU35920	1.0289811644797733
BSU35910	1.2542133082277942
BSU16940	0.9066106194989824
BSU00040	0.869055372459936
BSU24240	0.9212057796597319
BSU19220	0.9938308890898048
BSU00210	0.5964009829226126
BSU27600	0.822871489782454
BSU23150	1.443933614390437
BSU23140	1.5914861528325137
BSU23130	1.2542133082277942
BSU23120	1.2080818139511238
BSU23110	1.0729258200133638
BSU37080	0.6925606081196249
BSU23260	5.115464542869188
BSU23270	4.124066709725503
BSU16670	0.7911279753370599
BSU23280	6.069201428271382
BSU23250	4.101801412014149
BSU29300	0.9133379587099383
BSU23240	4.439625961543974
BSU23510	0.6676951472530328
BSU15930	0.5638102321055855
BSU16060	0.7928739645281868
BSU41050	0.596647220910098
BSU37780	1.6248683985589283
BSU37770	1.6248683985589283
BSU37760	0.7665427087840665
BSU40340	1.34804893801963
BSU40330	1.6753383535554418
BSU40320	1.0582150016914458
BSU40350	1.508968411247998
BSU28370	0.8295384568031122
BSU01030	0.6305493269388381
BSU01190	0.5981253049092008
BSU01160	0.5551184558752726
BSU01170	0.537859840111765
BSU01280	0.7969076746449101
BSU01310	0.8801319725035854
BSU40500	0.7530169661713626
BSU01040	0.8685026735085138
BSU01020	0.594678189343088
BSU01050	1.692266596981353
BSU01490	0.4463419998535386
BSU01260	0.8455241111658641
BSU01350	0.8216487407030678
BSU01230	0.6282963750796209
BSU01440	0.6884399060832674
BSU01320	0.8329463238885813
BSU16040	1.0289811644797733
BSU28850	0.6957851519703238
BSU27960	0.6749720084043931
BSU01210	0.573516203561092
BSU01180	0.6563815703624624
BSU01270	0.7160097133372734
BSU27940	0.7873713977991446
BSU15820	1.0435666707863618
BSU01240	0.7005659020804496
BSU01340	0.7989268838320936
BSU37070	0.5890283647616601
BSU15080	0.7394338575163735
BSU00990	1.0729258200133638
BSU41060	0.884574647327393
BSU28860	0.5369059438131355
BSU01400	0.7797410590433823
BSU01430	0.8549953206366022
BSU01070	1.0435666707863618
BSU01080	1.2852606959547999
BSU37160	0.5776566037632259
BSU16490	0.6946237867565672
BSU01220	0.6803493668293488
BSU29660	1.0289811644797733
BSU01330	0.861603049328384
BSU40910	0.6854828160875152
BSU01110	0.8545828558466998
BSU01300	0.8319916893273995
BSU01500	0.7461499914973672
BSU01150	0.5097051207961644
BSU01420	0.751430567455216
BSU01100	0.5825393454421293
BSU01410	0.6522017548292369
BSU01290	0.6374486533232813
BSU16680	0.9150221768552993
BSU15990	0.7483928397787728
BSU01250	0.5771690237091974
BSU40890	1.1474057494228085
BSU01200	0.511348383998548
BSU25550	1.3957385950825656
BSU25410	1.1025335922106547
BSU04670	0.6789397457851432
BSU04680	0.8805481814381032
BSU04690	1.0435666707863618
BSU04700	0.8958507863203469
BSU04720	3.0374893788935684
BSU04740	4.25843171720761
BSU18490	1.411747779924906
BSU27740	0.6638749556794236
BSU27730	0.9449330155656737
BSU38040	1.5748749825997468
BSU34450	1.1323873859772056
BSU27030	1.0144588250362492
BSU38050	1.4601097775553284
BSU38070	0.9231759677811703
BSU38410	1.0144588250362492
BSU38420	0.8826301326078317
BSU06650	0.8877720574516191
BSU10640	1.192823007582393
BSU37350	1.3322658616034606
BSU15270	0.7848254183028944
BSU28440	1.5253638945937036
BSU28430	1.4763411220855782
BSU28450	0.9032526780990207
BSU35300	1.3957385950825656
BSU01000	0.9592863992928096
BSU27650	1.2387772507408568
BSU01360	1.0144588250362492
BSU08810	1.508968411247998
BSU23070	0.782683400025845
BSU10020	1.2852606959547999
BSU00130	1.3322658616034606
BSU03569	0.6951398754688116
BSU25200	1.0435666707863618
BSU04730	4.280954047295647
BSU16470	0.9638478353288593
BSU23450	1.0289811644797733
BSU15330	1.223399991648671
BSU00980	0.7105471620293661
BSU34200	1.269707882203211
BSU01730	0.6874109102013265
BSU23100	0.5127581866470555
BSU38700	1.223399991648671
BSU24600	1.0582150016914458
BSU24610	1.5418136325895337
BSU23310	0.5929569260352218
BSU14410	0.8879111555958287
BSU04010	0.7712008889518023
BSU10490	1.411747779924906
BSU24630	0.667185399780516
BSU14620	1.0582150016914458
BSU34380	0.7938146017941089
BSU16510	0.6290470838473319
BSU15940	0.6137127010132215
BSU16110	1.0435666707863618
BSU00870	1.1776238619594184
BSU25020	1.269707882203211
BSU19330	0.9707024240971494
BSU40970	1.269707882203211
BSU13920	0.8665690765168509
BSU13930	0.9214871561047969
BSU23180	1.34804893801963
BSU23170	1.0435666707863618
BSU24220	1.443933614390437
BSU27930	0.7048382782764708
BSU13640	1.223399991648671
BSU37130	0.9243023696414893
BSU40960	1.16248467663122
BSU23470	0.7457544093249987
BSU23460	0.8647747790440715
BSU28060	0.6471463126104366
BSU15310	1.0
BSU24430	1.2542133082277942
BSU24420	0.8880502595493469
BSU24400	0.9447912352245756
BSU24390	1.0582150016914458
BSU24380	1.1776238619594184
BSU24370	0.9841690735266759
BSU26390	0.9385593647762848
BSU36420	1.2852606959547999
BSU16800	1.3165399524919772
BSU41040	0.554877609487788
BSU23530	0.9554428564086807
BSU36970	1.0289811644797733
BSU12830	1.9523363156428246
BSU22800	1.223399991648671
BSU24230	0.9168478197213399
BSU25760	0.7621586514227997
BSU27970	1.0289811644797733
BSU23430	0.8332191384866215
BSU23420	0.9719893182857837
BSU23410	0.7776033116778538
BSU23390	0.9962511525400876
BSU27670	1.1174298952715576
BSU00530	1.1474057494228085
BSU15170	1.1776238619594184
BSU15210	1.1174298952715576
BSU16730	1.34804893801963
BSU16740	0.6744605620145168
BSU00490	1.0729258200133638
BSU28110	0.6829146114950206
BSU17420	0.9851741848822867
BSU16980	1.4601097775553284
BSU00560	0.9825902499518548
BSU37910	1.7949236765349494
BSU37900	0.8989210007091746
BSU37890	1.0876987925256831
BSU37880	0.9343176249726289
BSU37870	1.0435666707863618
BSU37860	1.6416390492129653
BSU37840	1.269707882203211
BSU37830	1.2080818139511238
BSU37820	1.3957385950825656
BSU19320	1.411747779924906
BSU03480	1.692266596981353
BSU03490	1.7262792485480012
BSU03510	3.098539495529768
BSU03520	2.5052442480620796
BSU40900	0.7273657318506548
BSU29570	0.8482660560975287
BSU09750	0.723966236755096
BSU08660	0.6181887855111634
BSU16090	1.5418136325895337
BSU16100	1.1174298952715576
BSU21480	2.0057013758908875
BSU35750	0.7499772696832875
BSU35760	0.7390393720378619
BSU35770	0.8378611762691389
BSU35740	1.1025335922106547
BSU35730	0.5723001794544683
BSU35720	0.4851366461927144
BSU35710	0.7285436183104526
BSU35530	0.7061345110994389
BSU16990	1.2542133082277942
BSU37060	0.5858423159644442
BSU11650	1.3638889225164361
BSU11660	1.3957385950825656
BSU40770	0.9141799491485312
BSU31270	1.2080818139511238
BSU27710	0.9840255124297336
BSU41020	0.5174661182327543
BSU38020	0.9912114560259353
BSU38300	1.1474057494228085
BSU32240	1.2542133082277942
BSU32250	1.16248467663122
BSU28950	1.3797855589095749
BSU37560	1.2080818139511238
BSU17680	0.47787360267908496
BSU21820	0.6265457910835887
BSU28230	0.5269214772857903
BSU17890	1.5253638945937036
BSU31250	1.7604987964997776
BSU31230	1.3797855589095749
BSU03440	1.269707882203211
BSU00280	0.5294121992048825
BSU13310	1.6081506963480425
BSU16120	0.728150924061927
BSU04260	1.1776238619594184
BSU33920	1.5253638945937036
BSU07800	0.9821597968004991
BSU07820	0.7234436711417033
BSU16030	0.6057799158753888
BSU22630	0.5702347573172297
BSU22640	0.5149928077241991
BSU22660	0.5607875594975821
BSU22670	0.3917821274600644
BSU22680	0.5686568632782524
BSU22650	0.37854101576475896
BSU11420	0.8452500662626509
BSU01480	0.5423979363649937
BSU16660	0.7225294605349073
BSU28500	0.9820163245380592
BSU34790	0.6246718294654754
BSU16500	0.6140853266529955
BSU35600	1.300871475965767
BSU35590	1.300871475965767
BSU35580	0.9054908813518388
BSU35570	0.8662929570841678
BSU35560	1.300871475965767
BSU35550	0.7788055727109489
BSU35540	1.1323873859772056
BSU01130	1.3638889225164361
BSU22610	0.6189357692678696
BSU29670	0.8473060656540723
BSU38460	0.851148028501887
BSU27330	0.7752005003185675
BSU37970	1.0
BSU36890	0.6694802030778846
BSU36660	1.1025335922106547
BSU36650	1.2852606959547999
BSU36640	1.692266596981353
BSU28490	1.1323873859772056
BSU28090	1.0289811644797733
BSU00440	0.5984950007408688
BSU38090	1.1323873859772056
BSU39230	0.6687149997259062
BSU10770	0.7923366114529331
BSU12790	1.16248467663122
BSU12800	1.223399991648671
BSU12500	1.3165399524919772
BSU12540	0.8124282527378068
BSU12590	0.8081002640408473
BSU12600	0.5319065217902754
BSU12620	1.42781286726847
BSU12630	1.0435666707863618
BSU12640	0.943373790006402
BSU12650	0.6059036214940231
BSU12660	0.6990142875300966
BSU12680	0.7544720672477286
BSU12690	1.0582150016914458
BSU12750	1.4601097775553284
BSU12760	1.3957385950825656
BSU12770	1.3797855589095749
BSU12780	1.1174298952715576
BSU12810	1.4601097775553284
BSU12460	1.1323873859772056
BSU00250	1.223399991648671
BSU22070	0.8189335188411091
BSU12510	0.701471497539448
BSU28510	1.0582150016914458
BSU12580	1.2542133082277942
BSU12550	0.9343176249726289
BSU17600	1.3797855589095749
BSU17610	1.1323873859772056
BSU17590	1.0582150016914458
BSU18840	2.0956171723557393
BSU17580	1.0144588250362492
BSU18160	0.8950140155477565
BSU00030	0.5174661182327543
BSU00050	1.5748749825997468
BSU00110	1.0876987925256831
BSU00120	0.9860359584778583
BSU00140	0.7741333162558179
BSU00150	0.6318020354191001
BSU00160	0.844702058746474
BSU00180	0.5916055794919837
BSU00200	0.8009476594950783
BSU00220	0.5533128920833905
BSU00260	1.1474057494228085
BSU00270	0.937851999006697
BSU00290	0.9235983195129883
BSU00300	0.7904567555623188
BSU00320	0.8440172029092534
BSU00330	1.3638889225164361
BSU00340	0.562237820190415
BSU00360	0.5570463788953274
BSU00390	0.9436572267805694
BSU00400	0.5537941991112151
BSU00410	0.7289363763662109
BSU00430	0.4365758400393135
BSU00460	2.976813490738509
BSU00480	0.748788851064083
BSU00540	1.1174298952715576
BSU00570	0.7226600406319298
BSU00580	0.8957113078369122
BSU00590	0.8302196870675499
BSU00600	0.8867985573903883
BSU00610	0.7974459770450525
BSU00630	1.0289811644797733
BSU00650	0.7150983966959578
BSU00660	0.5320253885185281
BSU00670	0.7350980671321412
BSU00700	0.7982536395391658
BSU00710	1.1776238619594184
BSU00720	0.7875054670663267
BSU00810	0.7237049393490026
BSU00840	1.5253638945937036
BSU00850	1.269707882203211
BSU00880	1.2852606959547999
BSU00890	1.0582150016914458
BSU00900	0.997692505368281
BSU00910	1.1025335922106547
BSU00960	0.7362797789817472
BSU00970	0.820426550037122
BSU00350	0.5794861537096715
BSU00800	0.5905006361723999
BSU00950	0.7431188406615263
BSU01140	0.5768034215943226
BSU01460	0.7271040589206552
BSU01470	0.7152285636006201
BSU01510	1.42781286726847
BSU01540	1.411747779924906
BSU01570	1.6248683985589283
BSU01580	0.7685380109526826
BSU01590	1.2080818139511238
BSU01640	1.0435666707863618
BSU01660	0.9678445339766601
BSU01670	0.9712743119546755
BSU01680	1.0289811644797733
BSU01720	0.823551035823507
BSU01740	0.9409656319169757
BSU01750	1.0876987925256831
BSU01760	0.7913965123322706
BSU01770	1.0
BSU01845	9.78603445786887
BSU01860	28.557253332061823
BSU01870	23.15969394945915
BSU01880	28.557253332061823
BSU01900	0.876804474136272
BSU01910	1.223399991648671
BSU01920	0.6859968123411949
BSU01935	0.6520752217030326
BSU01950	0.6928184022136503
BSU01960	0.9035323602901968
BSU01970	0.9392668939984109
BSU01980	2.3724862359765595
BSU01990	0.8971063940284867
BSU02000	0.5906233762170775
BSU02010	0.8358122428615898
BSU02030	1.5418136325895337
BSU02040	0.953025278972787
BSU02050	1.6416390492129653
BSU02120	1.9170059330024374
BSU02160	0.7435139928625859
BSU02170	0.7472051923612801
BSU02200	0.643362662121858
BSU02210	0.9997114736317407
BSU02220	0.9739921918040702
BSU02250	0.7967731161918575
BSU02260	1.3797855589095749
BSU02280	0.9922187677547867
BSU02300	0.7385134910491308
BSU02310	0.781345550320391
BSU02320	0.745490723635224
BSU02330	1.192823007582393
BSU02350	1.192823007582393
BSU02360	0.6590457154136621
BSU02370	0.9169883007370728
BSU02380	1.6248683985589283
BSU02390	1.443933614390437
BSU02400	0.5182913630100952
BSU02410	0.7289363763662109
BSU02430	1.16248467663122
BSU01450	0.6739492349309509
BSU01060	0.5463483926217514
BSU01090	0.5566847370499168
BSU02060	1.7776856665577871
BSU02080	1.1474057494228085
BSU02110	9.52566053390551
BSU02450	0.7408808587694148
BSU02460	1.0876987925256831
BSU02470	1.192823007582393
BSU02480	0.8313100126075053
BSU02490	1.0435666707863618
BSU02500	0.5467079611477483
BSU02510	1.1025335922106547
BSU02520	1.0582150016914458
BSU02540	0.7875054670663267
BSU02550	0.6015785270812843
BSU02570	0.7817468312955147
BSU02580	0.7336545430159882
BSU02590	1.192823007582393
BSU02610	0.9541627286264396
BSU02640	1.6081506963480425
BSU02660	1.16248467663122
BSU02690	1.492627410783256
BSU02720	0.7273657318506548
BSU02730	0.8381344842310653
BSU02740	0.7701353987965361
BSU02770	1.3797855589095749
BSU02780	0.7088589758121789
BSU02790	0.939549951845222
BSU02810	0.573759503448441
BSU02830	1.8994151614004477
BSU02840	1.3957385950825656
BSU02850	0.3991621007710468
BSU02860	0.5191170107439341
BSU02870	0.46310707552528557
BSU02880	0.5938173663223847
BSU02890	0.6739492349309509
BSU02900	0.8385444959473475
BSU02910	0.9894853663328611
BSU02920	1.42781286726847
BSU02930	0.850187037998451
BSU02940	1.1025335922106547
BSU02950	1.3638889225164361
BSU02960	1.0289811644797733
BSU03020	1.1776238619594184
BSU03080	2.353702680711016
BSU03190	0.40046882888582075
BSU03210	0.8954323712428803
BSU03220	0.7828172229325211
BSU03230	0.985030577642503
BSU03240	0.8174413229456797
BSU03270	1.3322658616034606
BSU03340	0.6558744897132229
BSU03350	0.7345730484586614
BSU03360	0.8375878962865114
BSU03370	0.8254546809819503
BSU03380	0.8773587879544791
BSU03390	0.6002211766154916
BSU03400	0.7433822687231166
BSU03410	1.1174298952715576
BSU03450	0.9254291926746951
BSU03460	0.7750670773149617
BSU03470	0.7966385653229668
BSU03590	0.8664310135989638
BSU03600	0.7429871367487821
BSU03610	0.7739999499937269
BSU03630	0.8375878962865114
BSU03652	0.8479917389855571
BSU03660	1.7092469612779397
BSU03670	0.761362379419732
BSU03680	1.6248683985589283
BSU03730	0.8732040519249044
BSU03740	1.0289811644797733
BSU03750	0.8599496542654581
BSU03760	0.85155998337295
BSU03790	1.223399991648671
BSU03800	2.041522422371882
BSU03810	1.300871475965767
BSU03820	0.8766659122764205
BSU03830	1.0144588250362492
BSU03840	0.9886226679773096
BSU03850	0.4766089040756924
BSU03860	1.7092469612779397
BSU03870	1.3322658616034606
BSU03890	1.0289811644797733
BSU03900	1.1174298952715576
BSU03910	0.8205623213535589
BSU03940	1.692266596981353
BSU03950	1.7092469612779397
BSU03960	1.411747779924906
BSU03970	1.34804893801963
BSU04000	1.16248467663122
BSU04030	0.9827337471005827
BSU04040	1.0729258200133638
BSU04050	1.3797855589095749
BSU04070	1.7433632589376395
BSU04080	1.5748749825997468
BSU04110	0.6496725248301102
BSU04150	1.300871475965767
BSU04100	1.223399991648671
BSU03530	1.1776238619594184
BSU03540	1.2542133082277942
BSU03550	0.9140396003904279
BSU03920	1.0435666707863618
BSU02710	0.8136467778510917
BSU03580	0.9235983195129883
BSU03880	0.9299406937774601
BSU04020	0.7680057752545835
BSU04120	0.9562965674884162
BSU04130	0.6847120445644373
BSU04160	1.3957385950825656
BSU04170	1.1323873859772056
BSU04180	1.3957385950825656
BSU04210	0.6699904878075984
BSU04220	2.4291108158880794
BSU04300	1.1323873859772056
BSU04310	1.16248467663122
BSU04320	1.0729258200133638
BSU04340	2.041522422371882
BSU04360	1.7776856665577871
BSU04370	1.508968411247998
BSU04380	1.3165399524919772
BSU04390	0.8870766673197148
BSU04410	1.0876987925256831
BSU04420	0.9028332047268045
BSU04430	1.0
BSU04440	0.9903482965785328
BSU04450	0.6902417848120235
BSU04470	1.300871475965767
BSU04480	0.7022480077180199
BSU04490	1.1323873859772056
BSU04500	0.9517461461051158
BSU04510	1.5583174024600557
BSU04520	0.9102527006489387
BSU04550	1.443933614390437
BSU04580	0.6133401450801178
BSU04590	0.8726505444563583
BSU04600	0.961138682317072
BSU04610	1.2080818139511238
BSU04620	0.6423548391648553
BSU04630	0.6490406885638687
BSU04650	1.0289811644797733
BSU04660	0.7641504477983673
BSU04750	1.411747779924906
BSU04760	1.0582150016914458
BSU04770	0.6171932376810064
BSU04780	1.300871475965767
BSU04800	0.77319990075821
BSU04820	0.8489519680552489
BSU04860	1.300871475965767
BSU04990	0.9588591055346402
BSU05030	0.490924834237161
BSU05040	0.927825089595548
BSU05070	4.39411050186658
BSU05090	0.6897268143639466
BSU05100	0.8701610939628308
BSU05130	1.1025335922106547
BSU05180	0.648788007160233
BSU05190	0.871820485080315
BSU05200	0.6039252560296836
BSU05220	0.8799932491145934
BSU05230	1.5583174024600557
BSU05250	0.7318185904420762
BSU05280	0.6657842106345037
BSU05320	0.9255700750051852
BSU05340	1.3638889225164361
BSU05360	1.192823007582393
BSU05390	0.8209696773598697
BSU05400	1.3957385950825656
BSU05410	0.8791610522083863
BSU05420	0.6176909496990326
BSU05500	1.1025335922106547
BSU05580	0.7240968962152609
BSU05590	0.8295384568031122
BSU05600	0.6077601420865076
BSU05620	1.300871475965767
BSU05640	0.8547203376662122
BSU05650	1.300871475965767
BSU05660	0.7065235232084613
BSU05680	0.5613916953017405
BSU05700	0.6092466122606723
BSU05710	1.3165399524919772
BSU05720	1.2542133082277942
BSU05750	0.7739999499937269
BSU05780	1.0144588250362492
BSU05790	0.9761395316803559
BSU05800	1.1776238619594184
BSU05830	1.1776238619594184
BSU05860	0.7158795037757295
BSU05900	0.34039454897435095
BSU05910	0.5354760733740632
BSU05920	0.49104081272623606
BSU05930	0.6466414326690734
BSU05940	0.9876164787482526
BSU05950	0.7996003017338282
BSU05960	0.9283891058301128
BSU05970	1.223399991648671
BSU05980	1.16248467663122
BSU05990	1.3638889225164361
BSU06000	0.9203618086295648
BSU06010	0.8251826493498251
BSU06040	0.7575173345242866
BSU06050	1.7262792485480012
BSU06060	0.8016215999252826
BSU06070	0.992938468612885
BSU06090	0.7332610055231873
BSU06100	0.7620259216200532
BSU06110	1.1776238619594184
BSU06130	0.7209630682235828
BSU06160	1.3638889225164361
BSU06170	0.987041654794486
BSU06180	0.5624796417516698
BSU06190	0.5952932974495412
BSU06200	0.8842967797393793
BSU06210	0.6476513134393349
BSU06240	1.934646375304532
BSU06270	1.0876987925256831
BSU06280	0.8113455911333133
BSU04240	1.223399991648671
BSU05140	0.9073106715498445
BSU05270	1.0729258200133638
BSU06290	0.6242972436681687
BSU06330	1.1174298952715576
BSU06370	0.5695063317902443
BSU06400	1.269707882203211
BSU06410	0.978861577670939
BSU06550	0.8829078402526755
BSU06770	0.6068935487724527
BSU06780	0.5887830961287781
BSU06812	1.0289811644797733
BSU06850	1.5748749825997468
BSU06730	0.5234878411582573
BSU06560	1.492627410783256
BSU06570	0.8072895564966273
BSU06590	1.3797855589095749
BSU06600	0.6051615020728303
BSU06610	0.7512984137121304
BSU06620	0.9059107334448026
BSU06630	0.9374276579202507
BSU06640	1.0729258200133638
BSU06670	0.5607875594975821
BSU06680	0.6579035335181417
BSU06690	0.8363584749649315
BSU06700	0.6539740095917617
BSU06710	1.192823007582393
BSU06720	0.5407246454482325
BSU06870	1.0876987925256831
BSU06880	1.0289811644797733
BSU06920	1.0
BSU06930	0.8657407977320906
BSU06940	0.9938023203407793
BSU06960	1.5914861528325137
BSU06970	0.9612812105276664
BSU06980	1.192823007582393
BSU07000	1.0876987925256831
BSU07010	0.6790678561479067
BSU07020	0.7233130478181735
BSU07030	0.9877602012291041
BSU07040	0.8518346549042943
BSU07050	1.1776238619594184
BSU07060	0.735229339432978
BSU07070	1.7604987964997776
BSU07080	1.1323873859772056
BSU07150	1.34804893801963
BSU07160	0.7784047561244202
BSU07170	0.7248810047339087
BSU07200	0.9843126417876052
BSU07210	1.0289811644797733
BSU07230	1.1474057494228085
BSU07240	0.8330827275178168
BSU07250	1.300871475965767
BSU06460	1.0144588250362492
BSU07180	0.7709344742755075
BSU06540	1.0876987925256831
BSU08460	0.9687016298873603
BSU08470	0.928530126775583
BSU08480	1.1474057494228085
BSU08490	1.2387772507408568
BSU08510	1.4601097775553284
BSU08520	1.0435666707863618
BSU08530	0.8858253860568954
BSU08540	0.7512984137121304
BSU08560	0.9972600325815452
BSU08570	5.40357454849123
BSU08580	1.7262792485480012
BSU08590	1.5748749825997468
BSU08610	1.3797855589095749
BSU08630	1.0582150016914458
BSU08650	0.6348116463570433
BSU08640	0.77319990075821
BSU08190	1.0729258200133638
BSU08210	1.1776238619594184
BSU08220	1.0289811644797733
BSU08230	1.0144588250362492
BSU08240	1.492627410783256
BSU08260	1.0435666707863618
BSU08280	1.0
BSU08300	0.6852258630415355
BSU08310	0.8966877978110658
BSU08330	0.978001732966014
BSU08340	0.7884441458834083
BSU08360	1.1323873859772056
BSU08370	0.7862990981023606
BSU08380	1.223399991648671
BSU08390	1.34804893801963
BSU08400	1.269707882203211
BSU08410	0.6990142875300966
BSU08425	1.1022557165523719
BSU08440	0.5463483926217514
BSU08450	1.0876987925256831
BSU08170	0.8093167935380895
BSU08160	0.6236730875826495
BSU08150	0.5989880380095876
BSU08140	0.6694802030778846
BSU08130	0.9808687837582251
BSU08120	0.9961070522446405
BSU08050	0.6025662814275042
BSU08040	1.3165399524919772
BSU08030	0.6325540269029465
BSU08020	0.8221921163881908
BSU08010	0.8693317621049059
BSU08000	0.5917283900325689
BSU07990	0.9234575286047662
BSU07980	0.6592996161971105
BSU07970	0.3518541992033642
BSU07955	0.5224236313088814
BSU07940	1.2080818139511238
BSU07930	1.7262792485480012
BSU07920	1.7949236765349494
BSU07900	1.2542133082277942
BSU07890	1.3165399524919772
BSU07880	1.16248467663122
BSU07870	0.7465456386747049
BSU07860	1.2542133082277942
BSU07850	3.4725425847566243
BSU07840	1.0
BSU07830	1.4763411220855782
BSU07780	0.9188151457776501
BSU07760	2.3724862359765595
BSU07750	5.919243040854497
BSU07735	0.8719588112445954
BSU07720	1.269707882203211
BSU07710	0.6633661054175617
BSU07700	1.3322658616034606
BSU07690	0.8280403540575461
BSU07680	0.7644161417117136
BSU07670	0.5842512815906875
BSU07650	1.1323873859772056
BSU07640	0.6641294258838976
BSU07630	0.6762511440952205
BSU07600	1.0289811644797733
BSU07570	2.20509818885424
BSU07550	1.16248467663122
BSU07520	0.8816583678928919
BSU07510	0.8548578253609429
BSU07500	1.6584624363872555
BSU07490	1.1474057494228085
BSU07480	1.1174298952715576
BSU07460	0.9374276579202507
BSU07450	1.192823007582393
BSU07440	1.5583174024600557
BSU07430	2.260476041646887
BSU07400	0.8964087677809083
BSU07390	1.0289811644797733
BSU07380	0.9428069945838738
BSU07370	1.3957385950825656
BSU07360	1.2852606959547999
BSU07330	0.9200805384289595
BSU07320	1.3957385950825656
BSU07310	1.34804893801963
BSU07270	0.8128343660388527
BSU07260	0.7336545430159882
BSU08670	0.7505056414611228
BSU08680	0.6711390644035377
BSU08690	0.6239227271352574
BSU08700	0.43467526844157656
BSU08720	1.0
BSU08730	1.3165399524919772
BSU08760	0.8196120659264295
BSU08780	0.8671213982101393
BSU08800	1.0435666707863618
BSU08830	1.0289811644797733
BSU08870	0.7969076746449101
BSU08890	0.8675357097772326
BSU08840	1.7433632589376395
BSU08860	0.8599496542654581
BSU08750	1.0435666707863618
BSU08770	0.5686568632782524
BSU10070	1.5418136325895337
BSU10010	1.1776238619594184
BSU10000	0.8276319253774145
BSU09980	1.269707882203211
BSU09965	0.5459888973324142
BSU09940	1.1025335922106547
BSU09930	1.34804893801963
BSU09920	1.1025335922106547
BSU09910	1.0144588250362492
BSU09900	1.0582150016914458
BSU09890	0.9916431224694271
BSU09880	1.2542133082277942
BSU09860	0.891530050902247
BSU09850	1.1025335922106547
BSU09840	0.8302196870675499
BSU09830	1.0144588250362492
BSU09810	0.7337857365789553
BSU08910	0.8170345060064439
BSU08920	1.5583174024600557
BSU08940	0.8617408763435617
BSU08950	0.7948900347215659
BSU08960	0.7616277749198458
BSU08980	1.1323873859772056
BSU08990	0.5898870530010172
BSU09000	0.6995313752908133
BSU09010	0.7774697620026144
BSU09020	0.8145949061329967
BSU09030	0.8534832491579909
BSU09050	0.3656524163201458
BSU09060	0.5686568632782524
BSU09070	0.5421587981162563
BSU09080	0.7460181241248286
BSU09090	1.0582150016914458
BSU09110	0.7909937172816074
BSU09120	0.8129697499988905
BSU09130	0.624796706348403
BSU09140	0.8783290968562356
BSU09180	0.7810780649624913
BSU09190	1.1025335922106547
BSU09200	0.7298530664022822
BSU09210	0.6152036197186892
BSU09220	1.1174298952715576
BSU09240	0.6866394730535588
BSU09250	1.0582150016914458
BSU09320	0.8762502669350024
BSU09330	0.8733424456492628
BSU09340	1.1474057494228085
BSU09350	0.9381349250345078
BSU09360	0.9088513704768785
BSU09370	1.864383342561946
BSU09380	1.0435666707863618
BSU09450	1.0289811644797733
BSU09470	0.9917870242931826
BSU09480	1.0
BSU09500	0.7944866946241764
BSU09510	0.758312370457521
BSU09520	0.8036444628440448
BSU09530	5.844696950895487
BSU09540	1.3957385950825656
BSU09550	1.5583174024600557
BSU09560	1.300871475965767
BSU09570	0.7776033116778538
BSU09590	1.692266596981353
BSU09600	1.2852606959547999
BSU09610	1.1025335922106547
BSU09620	0.6477775821319586
BSU09630	1.0729258200133638
BSU09640	1.300871475965767
BSU09650	1.223399991648671
BSU09800	1.3638889225164361
BSU09790	1.3638889225164361
BSU09770	0.9830207610170099
BSU09760	1.0582150016914458
BSU09740	1.1025335922106547
BSU09730	0.8613274157763933
BSU09720	1.2080818139511238
BSU09710	1.1025335922106547
BSU09690	2.7970608012319955
BSU09680	1.0582150016914458
BSU09670	1.0729258200133638
BSU09660	0.8588479318050345
BSU10080	0.933046253814249
BSU10170	1.34804893801963
BSU10180	1.223399991648671
BSU10200	1.300871475965767
BSU10210	1.1025335922106547
BSU10230	1.1174298952715576
BSU10240	0.904791259837283
BSU10250	0.7269732326789284
BSU10260	1.1323873859772056
BSU10270	1.3165399524919772
BSU10280	1.0582150016914458
BSU10310	0.9853177972934314
BSU10320	1.3957385950825656
BSU10330	0.8225997196462979
BSU10340	0.8951534606430324
BSU10350	1.0
BSU10360	0.7332610055231873
BSU10370	0.7102873610188877
BSU10380	1.1323873859772056
BSU10090	1.0729258200133638
BSU10100	1.1323873859772056
BSU10150	0.47259171408521894
BSU10160	0.8382711481707272
BSU10440	1.7949236765349494
BSU10450	1.5583174024600557
BSU10460	0.9612812105276664
BSU10470	0.871128954240006
BSU10480	1.3165399524919772
BSU10500	1.1174298952715576
BSU10510	1.1474057494228085
BSU10530	0.5916055794919837
BSU10550	1.9700755750823085
BSU10560	0.8221921163881908
BSU10570	1.1776238619594184
BSU10580	1.1174298952715576
BSU09260	0.9309284821215034
BSU09310	0.8219204144640968
BSU10400	0.9612812105276664
BSU10430	1.3165399524919772
BSU08880	1.9523363156428246
BSU08900	0.5565642055873685
BSU10410	2.023587576276168
BSU10650	0.6847120445644373
BSU10660	0.9056308249146818
BSU10670	0.7626896409355194
BSU10700	0.9004573158403542
BSU10750	0.9174097812049533
BSU10760	1.1174298952715576
BSU10780	1.300871475965767
BSU10790	1.2542133082277942
BSU10810	0.9644184816253741
BSU10820	1.1025335922106547
BSU10830	0.787639542621655
BSU10850	1.0582150016914458
BSU10860	1.1474057494228085
BSU10870	1.1174298952715576
BSU10880	1.3686206652820911
BSU10890	0.8246386678101124
BSU10900	0.8838800275463264
BSU10910	1.0289811644797733
BSU10920	0.46767061965822093
BSU10930	0.72671160284611
BSU10940	0.9761395316803559
BSU10950	0.8940380850401108
BSU10960	0.9711313305043895
BSU10970	1.1323873859772056
BSU10980	1.1025335922106547
BSU10990	0.6844551792120999
BSU11000	1.0144588250362492
BSU11010	0.5384562897827783
BSU11020	0.9412488468452431
BSU11030	0.6154522140397108
BSU11040	1.0144588250362492
BSU11055	0.814188523861254
BSU11070	0.8419636581612239
BSU11080	0.5159345926321155
BSU11090	0.5325009379455575
BSU11110	0.7610970117056274
BSU11120	0.8525214498727037
BSU11140	0.8221921163881908
BSU11150	0.7166608713855508
BSU11170	0.7348355436067557
BSU11180	0.9282480923785428
BSU11280	0.7922022908827733
BSU11330	0.8951534606430324
BSU11340	1.0435666707863618
BSU11350	1.0
BSU11410	0.6743327193413129
BSU11480	1.0435666707863618
BSU11490	0.8777745948412847
BSU11500	1.692266596981353
BSU11510	1.0
BSU11530	1.7092469612779397
BSU11540	1.492627410783256
BSU11550	1.3957385950825656
BSU11560	1.3165399524919772
BSU11570	3.283906842155181
BSU11580	1.2387772507408568
BSU11590	0.8163566144291702
BSU11600	0.7460181241248286
BSU11610	1.0
BSU11620	1.508968411247998
BSU11640	0.7505056414611228
BSU11670	2.0057013758908875
BSU11680	1.34804893801963
BSU11690	2.4670874134096357
BSU11700	1.934646375304532
BSU11710	1.934646375304532
BSU11720	1.34804893801963
BSU11730	1.16248467663122
BSU11790	1.3322658616034606
BSU11820	0.8614652288509136
BSU11840	0.9808687837582251
BSU11850	0.955727400990351
BSU11860	0.8492263800884936
BSU11870	0.5500674301487307
BSU11880	1.1474057494228085
BSU11890	0.7106770732939067
BSU11900	0.87985453263318
BSU11910	0.7889806879908611
BSU11920	1.300871475965767
BSU11940	0.992362695555998
BSU11950	1.223399991648671
BSU12010	0.8404587006378684
BSU12020	0.8527962157685671
BSU12030	0.46618596170814586
BSU12040	0.5140515514018532
BSU12050	1.2542133082277942
BSU12060	0.7887124028610407
BSU12080	1.1174298952715576
BSU12100	0.9068906204612048
BSU12120	0.8908337589299922
BSU12140	0.7187457981067595
BSU12160	1.1323873859772056
BSU12170	1.2542133082277942
BSU12180	0.6339333900988346
BSU12190	0.7867011577454998
BSU12210	1.0729258200133638
BSU12230	0.9648465343998832
BSU12250	0.9617088354320878
BSU12260	0.9792915871199382
BSU12270	0.9248657288556916
BSU12280	1.0
BSU12290	1.3165399524919772
BSU12300	0.9876164787482526
BSU12310	1.1174298952715576
BSU12320	1.1323873859772056
BSU12330	1.0582150016914458
BSU12350	1.42781286726847
BSU12360	0.8482660560975287
BSU12370	0.9486215965844076
BSU12380	1.1025335922106547
BSU12390	1.1776238619594184
BSU12410	1.6584624363872555
BSU12420	0.5897643598173152
BSU12450	1.16248467663122
BSU12470	0.960711135121714
BSU12490	1.34804893801963
BSU11310	0.9396914906726805
BSU11320	1.192823007582393
BSU11260	1.0729258200133638
BSU11270	0.872235484062368
BSU12850	0.57424619814046
BSU12840	0.559579887325023
BSU12860	1.300871475965767
BSU12870	1.2080818139511238
BSU12890	0.6633661054175617
BSU12910	0.48040608227544174
BSU12970	1.0729258200133638
BSU12980	0.8747267527205279
BSU12990	0.8434694405453101
BSU13000	1.0289811644797733
BSU13020	0.9068906204612048
BSU13010	1.2852606959547999
BSU13030	0.9224721815716744
BSU13060	1.0582150016914458
BSU13070	1.0289811644797733
BSU13080	0.947486178942518
BSU13090	1.0582150016914458
BSU13110	0.8806869315400165
BSU13140	0.8340377465460794
BSU13150	0.9825902499518548
BSU13170	0.5644153643078857
BSU14250	1.300871475965767
BSU14330	1.16248467663122
BSU14340	0.6730546991788388
BSU14350	0.48317346694159896
BSU14360	0.8423742441505241
BSU14370	1.0729258200133638
BSU13210	1.7776856665577871
BSU13220	1.7776856665577871
BSU13230	1.5418136325895337
BSU13240	1.3638889225164361
BSU13250	1.5748749825997468
BSU13260	1.4601097775553284
BSU13270	0.804589000763888
BSU13280	1.0144588250362492
BSU13300	0.6050378420889752
BSU13330	0.7757342606992377
BSU13340	1.3797855589095749
BSU13350	0.9264155082171842
BSU13360	0.8147303804569512
BSU13380	0.877913209904557
BSU13400	1.0289811644797733
BSU13420	1.4601097775553284
BSU13430	0.8580219251781332
BSU13440	0.843332516926916
BSU14430	0.7156191055925659
BSU14440	1.223399991648671
BSU14460	0.9472023896488037
BSU14500	1.5748749825997468
BSU14510	1.0876987925256831
BSU14530	0.7936802044841305
BSU14550	0.8640849683636109
BSU14560	0.5285815578969126
BSU13460	0.8344471426751315
BSU13480	1.2387772507408568
BSU13490	1.192823007582393
BSU13500	0.8560955245209665
BSU13520	1.1323873859772056
BSU13530	0.9046513555439832
BSU13550	1.16248467663122
BSU13560	1.2387772507408568
BSU13570	1.0289811644797733
BSU13580	1.1025335922106547
BSU13590	0.7444362667219502
BSU13600	0.6033074239751974
BSU13610	0.5954163424065118
BSU13620	0.8058039075148907
BSU14640	0.749581066136146
BSU14650	0.5593384488085766
BSU14670	1.0289811644797733
BSU14690	0.6530876977191885
BSU13980	0.7652133922007441
BSU14030	0.6560012490501487
BSU14060	0.9677017080841714
BSU14080	0.5821727022546095
BSU14090	1.192823007582393
BSU14100	0.7361484494273332
BSU14110	0.7357545019713128
BSU14130	0.8027002655690091
BSU14140	0.8685026735085138
BSU14150	0.8646368031295153
BSU14160	0.8824912890396519
BSU14170	1.934646375304532
BSU14180	1.0289811644797733
BSU14190	0.7774697620026144
BSU14200	0.7680057752545835
BSU14210	0.827904204780142
BSU14220	0.7105471620293661
BSU14230	0.8492263800884936
BSU14240	1.0435666707863618
BSU13630	1.16248467663122
BSU13670	0.6544806386266424
BSU13720	1.1474057494228085
BSU13730	1.5914861528325137
BSU13740	1.5583174024600557
BSU13750	1.2852606959547999
BSU13760	1.2542133082277942
BSU13810	1.0435666707863618
BSU13820	0.6952689158323397
BSU13830	0.8725121844651739
BSU13840	1.6753383535554418
BSU13850	1.0876987925256831
BSU13860	1.0435666707863618
BSU13870	0.9792915871199382
BSU13960	0.8079651286530253
BSU14570	0.8385444959473475
BSU14020	0.6628573747359796
BSU13160	1.2852606959547999
BSU13320	0.7857631168734612
BSU14680	1.3957385950825656
BSU13290	1.0582150016914458
BSU13510	1.5418136325895337
BSU14120	0.5638102321055855
BSU14540	0.6624759053938275
BSU13050	0.7717338039156477
BSU14730	1.34804893801963
BSU14750	0.9357308830076818
BSU14760	1.300871475965767
BSU14770	1.1776238619594184
BSU14780	1.1474057494228085
BSU14790	0.9767124007783101
BSU14800	1.34804893801963
BSU14820	1.16248467663122
BSU14840	1.411747779924906
BSU14850	0.9752804220283695
BSU14940	1.2387772507408568
BSU14950	0.6323033321776593
BSU14960	0.625171384272345
BSU14970	1.192823007582393
BSU14990	0.949899439640857
BSU15000	0.8384078184646925
BSU15010	0.49522163012092235
BSU15020	0.8358122428615898
BSU15030	0.7539428398992714
BSU15040	0.9021342139816617
BSU15050	0.825590707309093
BSU15060	1.2080818139511238
BSU15070	0.39850922847097403
BSU15090	0.8861034016814102
BSU15100	1.192823007582393
BSU15110	0.6941078153577623
BSU15120	0.8955718358447022
BSU15340	0.7544720672477286
BSU15350	0.861603049328384
BSU15360	0.8925051411078533
BSU15370	0.5339283681825637
BSU15380	0.7195281248367446
BSU15390	0.8754191585359081
BSU15400	1.2542133082277942
BSU15410	0.8060739631426918
BSU15580	0.5361908622541273
BSU15590	0.48409701167758745
BSU15600	0.6077601420865076
BSU15610	0.618064314604452
BSU15620	0.6963015054256482
BSU15630	0.6346861584036982
BSU15640	0.9176908011655385
BSU15650	1.192823007582393
BSU15660	0.6690975679553011
BSU15680	0.8006781323036883
BSU15690	0.5667166832172453
BSU15700	1.0289811644797733
BSU15740	0.9938023203407793
BSU15750	0.8916693294727673
BSU15770	0.6916585596791127
BSU15780	0.7412756467079555
BSU15790	0.9628494536369309
BSU15800	0.8078300005145855
BSU15830	1.16248467663122
BSU15840	1.0144588250362492
BSU15850	0.9382763989424223
BSU15860	0.9336112424880316
BSU15870	1.0289811644797733
BSU15880	0.7861650927043445
BSU15960	1.300871475965767
BSU16000	0.8600873999925799
BSU16010	0.5353569705046655
BSU16050	0.7047086958044146
BSU16070	1.0876987925256831
BSU16080	0.5999744866020543
BSU16530	0.5831505743126901
BSU16550	0.6995313752908133
BSU16560	0.7852272473680304
BSU15140	0.7316875056649046
BSU16260	1.1474057494228085
BSU16280	0.8112102894438574
BSU16410	0.9712743119546755
BSU16480	0.8313100126075053
BSU15970	0.5488668948777466
BSU16640	1.0435666707863618
BSU16620	0.6496725248301102
BSU16610	0.5570463788953274
BSU16590	0.4198943268920303
BSU15250	0.9906359909626213
BSU15260	0.8460722822617464
BSU16700	0.4481452788447325
BSU15460	0.5346425228541293
BSU17370	0.23086125006304373
BSU17400	0.6067697806002156
BSU17270	0.6257959997410802
BSU17280	0.9387008576335003
BSU17250	1.0435666707863618
BSU17320	1.1323873859772056
BSU17340	1.4601097775553284
BSU17020	1.0289811644797733
BSU17070	0.5444319213969411
BSU16960	1.0729258200133638
BSU16970	0.7682718792814361
BSU16780	0.865464758739656
BSU16790	1.1323873859772056
BSU16810	1.0729258200133638
BSU16825	0.9269792617738677
BSU16845	0.904791259837283
BSU16860	1.1323873859772056
BSU16880	1.0289811644797733
BSU16910	1.16248467663122
BSU16710	0.7873713977991446
BSU17360	0.6081316547737473
BSU17240	0.8801319725035854
BSU17350	0.8909730044555572
BSU17500	0.8647747790440715
BSU17510	0.7214850829744716
BSU17520	1.2542133082277942
BSU17540	0.8683645152767069
BSU17550	0.8170345060064439
BSU17560	1.1025335922106547
BSU17430	0.7145778044348202
BSU17440	0.7092484476613841
BSU17620	0.5776566037632259
BSU17640	0.6865109262658772
BSU17660	0.5349997100761584
BSU17690	2.1137449518834854
BSU17720	1.0289811644797733
BSU17730	1.1474057494228085
BSU17750	1.192823007582393
BSU17770	2.4101904421029468
BSU17780	0.8580219251781332
BSU17790	1.1776238619594184
BSU17800	0.9704165186312613
BSU17810	0.5346425228541293
BSU17820	0.9625642603969871
BSU17830	1.6753383535554418
BSU17840	1.0144588250362492
BSU17870	0.9214871561047969
BSU17910	0.9840255124297336
BSU17940	1.0729258200133638
BSU17950	1.223399991648671
BSU17960	1.1474057494228085
BSU18010	1.2542133082277942
BSU18040	0.6729269379292373
BSU18050	0.7592402361505112
BSU18060	1.0289811644797733
BSU18070	0.7652133922007441
BSU18080	1.269707882203211
BSU18110	2.297627895625568
BSU18150	1.411747779924906
BSU18180	0.8063440463815972
BSU18190	0.6770189820394052
BSU18210	0.9452165956547921
BSU18220	0.9535939510207003
BSU18240	0.8112102894438574
BSU18250	0.9802951678332914
BSU18260	1.2852606959547999
BSU18280	1.411747779924906
BSU18290	1.0729258200133638
BSU17710	0.9005970209233952
BSU17880	0.4623098683555572
BSU17920	0.7053566835485225
BSU18270	1.16248467663122
BSU17480	1.0435666707863618
BSU18530	1.3322658616034606
BSU18540	0.583272843480589
BSU18550	0.31397894074942856
BSU18560	0.13784151580207232
BSU18570	0.6237979039160229
BSU18580	0.48629259738979963
BSU18590	0.6513161813781242
BSU18610	1.0582150016914458
BSU18620	1.0729258200133638
BSU18630	0.751430567455216
BSU18640	0.742723752153723
BSU18660	0.8987813758624206
BSU18680	1.8994151614004477
BSU18780	0.3685164956646847
BSU18790	1.7949236765349494
BSU18820	1.16248467663122
BSU18850	0.7760011840208639
BSU18880	0.8952929122441723
BSU18890	0.7493169655518387
BSU18980	0.692302842796051
BSU18990	0.9548738456719933
BSU19000	0.7218766706170178
BSU19010	0.8943168886840782
BSU19020	1.0582150016914458
BSU19030	1.2080818139511238
BSU19050	0.5397691914693821
BSU19060	0.5604251740244183
BSU19070	0.7522236382157196
BSU19090	1.16248467663122
BSU19100	1.0435666707863618
BSU19110	1.223399991648671
BSU19130	0.7171819291193962
BSU19150	1.9700755750823085
BSU19160	1.0435666707863618
BSU19170	0.7880418132752351
BSU19180	0.8631195172908259
BSU19190	1.1025335922106547
BSU19200	1.2542133082277942
BSU19210	0.986610603227231
BSU19230	1.8122126368665468
BSU19240	1.0435666707863618
BSU19250	1.0729258200133638
BSU19260	0.710936918028768
BSU19280	0.7633535375852134
BSU19340	0.7744000697113128
BSU19350	1.0582150016914458
BSU19540	2.20509818885424
BSU19550	1.6081506963480425
BSU19560	1.0289811644797733
BSU19570	0.750901995801965
BSU19580	0.4270984906888042
BSU19600	0.5719355264224144
BSU19620	1.0144588250362492
BSU19640	0.7717338039156477
BSU19650	0.5575286800138654
BSU19690	1.16248467663122
BSU19730	0.9827337471005827
BSU19740	1.7949236765349494
BSU19800	1.1174298952715576
BSU18370	1.1323873859772056
BSU18380	2.6596529118157495
BSU18390	0.8412794838249237
BSU18400	1.443933614390437
BSU18420	0.7396968846773969
BSU19520	1.0729258200133638
BSU19510	0.9348828496831315
BSU19480	1.300871475965767
BSU19470	0.8343106708270687
BSU19460	0.6866394730535588
BSU19450	0.781345550320391
BSU19440	0.5757070416026887
BSU19430	1.192823007582393
BSU19420	0.989772984237308
BSU19410	1.269707882203211
BSU19400	1.0435666707863618
BSU19390	0.977142120788655
BSU19380	1.0435666707863618
BSU21660	0.5311934911506149
BSU21650	0.7750670773149617
BSU21630	0.9205024543407107
BSU21620	0.6731824671823216
BSU21610	0.6389570194968858
BSU21600	0.9765691744537813
BSU21590	0.735229339432978
BSU21580	0.5934485593897807
BSU21570	0.6790678561479067
BSU21560	0.7366738124699811
BSU21550	1.0289811644797733
BSU21540	1.223399991648671
BSU21530	1.300871475965767
BSU21490	1.7604987964997776
BSU21460	0.6081316547737473
BSU21450	0.5533128920833905
BSU21350	0.9367205540154029
BSU21340	2.131920564644591
BSU21330	1.6584624363872555
BSU21170	1.0435666707863618
BSU21150	1.0582150016914458
BSU21120	1.411747779924906
BSU21050	0.9533096021460256
BSU21020	1.0582150016914458
BSU21010	0.4560607904329922
BSU20990	0.9945223732079862
BSU20960	1.3797855589095749
BSU20940	1.0289811644797733
BSU20930	1.0289811644797733
BSU20920	0.9442241783161716
BSU20910	0.6881826125842794
BSU20900	1.1776238619594184
BSU20890	0.5471874986331071
BSU20880	0.6712667211525332
BSU20870	0.7076909534582332
BSU20860	1.42781286726847
BSU20850	1.1025335922106547
BSU20840	1.3322658616034606
BSU20830	0.941390463680512
BSU20820	1.0876987925256831
BSU20810	1.42781286726847
BSU20800	0.9615662870884555
BSU20790	1.0729258200133638
BSU20770	0.5494670618353146
BSU20710	0.9632772926072772
BSU20700	2.023587576276168
BSU20690	1.8295523583368063
BSU20580	1.7604987964997776
BSU20570	0.9026933928722356
BSU20480	1.6248683985589283
BSU20440	0.7516948958230224
BSU20420	0.877081617952579
BSU20410	0.827495796088014
BSU20400	0.9382763989424223
BSU20370	1.443933614390437
BSU20340	1.1025335922106547
BSU20320	1.6753383535554418
BSU20290	0.8777745948412847
BSU20260	1.0
BSU20100	0.894874576962072
BSU20090	1.6753383535554418
BSU20070	0.7503735378283009
BSU20060	0.29614070881240145
BSU20040	0.6510632280428895
BSU20020	0.738382038485976
BSU19820	1.192823007582393
BSU18360	1.0
BSU18510	1.192823007582393
BSU18500	1.0435666707863618
BSU19120	0.7457544093249987
BSU19140	1.3957385950825656
BSU19300	0.8811032205228247
BSU19680	1.1474057494228085
BSU18740	1.0435666707863618
BSU18860	0.6364436836887732
BSU18960	1.223399991648671
BSU19270	0.6852258630415355
BSU19290	0.734048144908738
BSU23050	2.5820943856391714
BSU23030	0.7871032812958705
BSU23010	0.8591233217356327
BSU23000	0.8379978266498636
BSU22990	0.6916585596791127
BSU22980	1.0435666707863618
BSU22970	1.192823007582393
BSU22030	1.223399991648671
BSU22020	1.1776238619594184
BSU22960	1.5418136325895337
BSU22010	1.223399991648671
BSU22950	0.9891977746337625
BSU22940	0.9966834918033106
BSU21990	1.0
BSU21970	1.0729258200133638
BSU22910	0.629547709408166
BSU22900	0.8341742054493423
BSU22880	1.4763411220855782
BSU21920	1.1174298952715576
BSU22870	1.0876987925256831
BSU21890	0.9677017080841714
BSU21880	0.7437774643105309
BSU22850	0.8021608765740282
BSU22840	0.7274965792568384
BSU22820	0.6594265778797792
BSU22810	0.718615435911317
BSU21860	1.0289811644797733
BSU22590	0.6613319014195403
BSU22580	1.2542133082277942
BSU22570	1.0729258200133638
BSU21850	0.8650507502171919
BSU22530	0.6359413810818849
BSU22520	0.5397691914693821
BSU22510	0.6924317221187373
BSU22500	0.3398764285076541
BSU22480	0.6452536362413935
BSU22470	0.8510107238664251
BSU22460	1.0435666707863618
BSU21840	0.663620515952987
BSU21830	1.0144588250362492
BSU21800	0.7788055727109489
BSU21780	1.3957385950825656
BSU21790	1.8994151614004477
BSU22380	0.8116162151431163
BSU21760	1.5914861528325137
BSU21750	0.9305051046437951
BSU21740	0.7328675332860309
BSU21730	0.5871896129242418
BSU21720	0.6756114833035521
BSU21710	0.6866394730535588
BSU22330	0.8689171871310004
BSU21700	0.9188151457776501
BSU22310	0.5935714871853646
BSU22300	1.3957385950825656
BSU22270	1.0
BSU22260	1.3797855589095749
BSU21690	0.9724183985073144
BSU21680	1.223399991648671
BSU22230	0.7193977185852268
BSU21670	0.6503045495843168
BSU22220	1.1776238619594184
BSU22210	1.1174298952715576
BSU22190	0.4098719406295438
BSU22180	1.3322658616034606
BSU22170	0.39633535739676967
BSU22160	0.49743255271819514
BSU23370	1.508968411247998
BSU23300	0.7548690624438813
BSU23230	0.5512687699526704
BSU23220	0.29128670974556486
BSU23210	0.3366694952895798
BSU23200	0.47867894608030914
BSU23160	1.2542133082277942
BSU23090	0.6963015054256482
BSU22150	0.42221771232350175
BSU22080	1.16248467663122
BSU21950	1.6753383535554418
BSU23320	0.6165712705191744
BSU23060	1.2852606959547999
BSU26350	1.1323873859772056
BSU26320	1.223399991648671
BSU26250	1.2852606959547999
BSU26230	1.192823007582393
BSU26210	1.1174298952715576
BSU26190	1.0144588250362492
BSU26170	1.1025335922106547
BSU26160	0.7539428398992714
BSU26150	1.1323873859772056
BSU26140	0.9388423568000449
BSU26100	1.0
BSU26075	1.692266596981353
BSU25980	1.1174298952715576
BSU25960	1.0435666707863618
BSU25950	1.2852606959547999
BSU25870	1.4763411220855782
BSU25860	0.7770691565549007
BSU25820	1.1474057494228085
BSU25780	0.8467576489679913
BSU26330	1.0144588250362492
BSU25740	0.7132768328902144
BSU25720	0.41404807612214994
BSU25710	0.5977556784389949
BSU25700	1.1174298952715576
BSU25680	0.3096404349347766
BSU25670	0.4615130828055398
BSU25650	0.4853677689032869
BSU25640	0.5581317362473863
BSU25630	0.5908688802617562
BSU25620	0.6586649207691968
BSU25610	1.0435666707863618
BSU25560	0.753149212833121
BSU25450	0.4443159804433767
BSU25440	0.38778435148964946
BSU25420	1.1776238619594184
BSU25400	1.2387772507408568
BSU25380	0.87985453263318
BSU25370	0.820426550037122
BSU25360	0.8186621487715239
BSU25330	0.6546073151402693
BSU25320	0.8167633282444052
BSU25240	0.7776033116778538
BSU25180	0.6692251054215584
BSU25170	1.0876987925256831
BSU25160	0.6557477384763519
BSU25150	1.0144588250362492
BSU25140	0.5547571985766983
BSU25130	0.7640176117901222
BSU25120	0.7633535375852134
BSU25110	0.6397116122763068
BSU25100	0.6323033321776593
BSU25090	0.7156191055925659
BSU25070	1.0876987925256831
BSU25060	1.0729258200133638
BSU25050	1.492627410783256
BSU25040	0.9649892312807269
BSU25030	1.1174298952715576
BSU25010	0.611478405170092
BSU24990	3.32554596623553
BSU24970	13.937642424969251
BSU24960	2.20509818885424
BSU24950	3.2631477532538455
BSU24920	0.861603049328384
BSU24910	0.7039313505515016
BSU24890	0.8163566144291702
BSU24880	0.6139611103703374
BSU24870	0.9687016298873603
BSU24860	0.5529519958549337
BSU24840	0.6346861584036982
BSU24830	0.39037607016725273
BSU24820	0.6453797620992116
BSU24810	0.744699838597863
BSU24800	2.316273367333991
BSU24790	1.192823007582393
BSU24780	1.2080818139511238
BSU24770	20.30322700139475
BSU24760	2.7773013727134
BSU24750	2.0057013758908875
BSU24590	1.0435666707863618
BSU24570	0.7717338039156477
BSU24560	1.1776238619594184
BSU24550	1.2852606959547999
BSU24540	0.5013964732941362
BSU24530	0.5732729351847388
BSU24520	0.6414733923676356
BSU24510	1.3957385950825656
BSU24500	2.20509818885424
BSU24490	1.7262792485480012
BSU24480	0.8723738307084347
BSU24470	0.8980833505525597
BSU24460	0.865464758739656
BSU24330	0.6804775587666011
BSU24320	0.6471463126104366
BSU24300	0.5175839855978687
BSU24290	0.5177018616910029
BSU24280	0.7403545765819978
BSU24270	0.9231759677811703
BSU24210	1.3165399524919772
BSU24200	0.8902768457370507
BSU24190	0.8982229424124583
BSU24180	0.990492140258702
BSU24120	1.0435666707863618
BSU24090	0.8790223763698365
BSU24080	0.8979437651214377
BSU24070	0.9094118228145134
BSU24060	0.9321989680957186
BSU23990	0.989772984237308
BSU23980	0.37618745849679563
BSU23970	0.44577893289493653
BSU23960	0.5918512083116788
BSU23950	0.5483869061707367
BSU23940	0.8593987389528088
BSU23930	2.0057013758908875
BSU23920	0.8685026735085138
BSU23910	1.16248467663122
BSU23890	1.4601097775553284
BSU23870	0.9230351978724843
BSU23860	1.300871475965767
BSU23850	0.8657407977320906
BSU23840	0.8548578253609429
BSU23830	1.223399991648671
BSU23820	1.2387772507408568
BSU23810	1.0144588250362492
BSU23800	0.4632209967405306
BSU23790	0.6236730875826495
BSU23780	0.934600224038424
BSU23770	0.8844357101387085
BSU23760	1.1323873859772056
BSU23750	1.0
BSU23740	1.0435666707863618
BSU23730	1.192823007582393
BSU23690	0.4351222329838866
BSU23680	0.537025152312178
BSU23670	0.5869445793408126
BSU23660	0.6589187763230152
BSU23650	0.8110749949071694
BSU23640	0.8044540463012394
BSU23620	0.9758531362941621
BSU23610	1.0435666707863618
BSU23560	1.0729258200133638
BSU23550	1.3797855589095749
BSU23520	0.8272235575256155
BSU25520	1.1323873859772056
BSU24260	1.0144588250362492
BSU25230	0.7402230235611272
BSU25910	1.300871475965767
BSU25890	1.492627410783256
BSU25880	1.8295523583368063
BSU23600	1.1776238619594184
BSU24640	0.5467079611477483
BSU25280	0.9714173008565408
BSU25250	0.6422288953644663
BSU24940	1.443933614390437
BSU24930	1.1776238619594184
BSU24660	1.192823007582393
BSU24110	0.8787450446172914
BSU24650	1.0729258200133638
BSU23720	0.6798366739695498
BSU25850	0.9939463188151938
BSU27020	1.5418136325895337
BSU27000	1.6416390492129653
BSU26950	0.9440824306925261
BSU26940	1.1776238619594184
BSU26930	1.2542133082277942
BSU26920	1.6248683985589283
BSU26910	0.8434694405453101
BSU26900	1.0729258200133638
BSU26880	0.9920748469391653
BSU26870	0.7828172229325211
BSU26860	0.8440172029092534
BSU27840	1.8122126368665468
BSU27830	0.8150013502452571
BSU27820	0.7502414416932247
BSU27700	0.9807253696483309
BSU26780	0.5761942428294926
BSU26760	0.39156571000014584
BSU26680	0.6480301434772319
BSU26630	0.8001391611536061
BSU27260	0.6485353553845565
BSU27250	0.9621365187522725
BSU27230	1.2080818139511238
BSU27220	1.5418136325895337
BSU27210	0.6853543357466728
BSU27200	1.16248467663122
BSU27180	0.6107341963423683
BSU27160	1.269707882203211
BSU27110	0.6178153973109206
BSU26610	1.16248467663122
BSU26560	0.8334919807611163
BSU26550	0.6041724430843033
BSU26500	0.912776764455341
BSU26480	0.8362219062682368
BSU26470	0.9831642777781993
BSU26440	1.1025335922106547
BSU26420	1.0729258200133638
BSU26400	1.0144588250362492
BSU26800	0.9873290540646912
BSU26810	0.8595364574620481
BSU26820	1.5914861528325137
BSU26830	0.6419770311224663
BSU26850	0.8078300005145855
BSU27500	0.8098576544547085
BSU27490	0.5114658219909423
BSU27420	1.0582150016914458
BSU27390	0.8852694358683636
BSU27370	1.0144588250362492
BSU27360	0.40188592873343026
BSU27350	0.480866974219792
BSU27340	0.8683645152767069
BSU27310	0.7931426833262615
BSU27300	0.6475250518765857
BSU27280	0.5438334484176541
BSU27270	0.8650507502171919
BSU27640	0.4984808861716987
BSU27630	0.8168989140418925
BSU27620	0.7950244953829708
BSU27590	1.0289811644797733
BSU27580	1.0582150016914458
BSU27540	0.5704776292395626
BSU27530	1.0289811644797733
BSU27510	0.7478649248992426
BSU27890	1.411747779924906
BSU27290	0.8733424456492628
BSU27380	0.9987018333482779
BSU27520	0.552110186168995
BSU27660	0.7800084039981032
BSU27690	0.9205024543407107
BSU27785	1.3322658616034606
BSU27570	1.0729258200133638
BSU28940	0.9209244301939036
BSU28910	1.8295523583368063
BSU28900	1.7604987964997776
BSU28890	1.3957385950825656
BSU28840	0.7450952488272196
BSU28830	1.3797855589095749
BSU28820	1.3957385950825656
BSU28660	0.6845836080558373
BSU28670	0.9792915871199382
BSU28680	0.7501093523100127
BSU28690	1.2387772507408568
BSU28700	0.7644161417117136
BSU28650	1.0
BSU28620	0.7599032108171151
BSU28610	0.7385134910491308
BSU28600	0.9827337471005827
BSU28590	0.8617408763435617
BSU28570	1.0876987925256831
BSU28550	0.8206980995453492
BSU28540	0.9860359584778583
BSU28460	1.3797855589095749
BSU28420	0.973705989244614
BSU28360	0.8748652198029243
BSU28350	0.9411072362562005
BSU28320	0.7526202706680215
BSU28340	1.3322658616034606
BSU28240	0.8258627801400551
BSU28040	0.9958188713596166
BSU27950	0.6576497981457733
BSU28190	1.192823007582393
BSU28180	1.1323873859772056
BSU28100	1.0
BSU29070	1.42781286726847
BSU29060	0.914881789368142
BSU30250	1.0876987925256831
BSU29040	1.1025335922106547
BSU29050	1.3322658616034606
BSU29580	0.5957855238462871
BSU30180	1.6584624363872555
BSU30860	0.8489519680552489
BSU30880	1.1323873859772056
BSU29030	0.8866595129575836
BSU29010	0.5754634890327414
BSU29000	0.6939788412864314
BSU29560	0.790322533174014
BSU29550	1.3957385950825656
BSU30170	1.5418136325895337
BSU30160	1.16248467663122
BSU29540	1.300871475965767
BSU29530	0.862154397438324
BSU29520	0.7589750965457199
BSU30120	1.7092469612779397
BSU30110	0.9831642777781993
BSU30100	1.8295523583368063
BSU30090	0.9571505130322231
BSU30780	1.300871475965767
BSU29510	0.959428843752834
BSU29500	1.42781286726847
BSU30060	1.3797855589095749
BSU30770	0.7213545680285168
BSU30760	0.9024137907972573
BSU30750	1.508968411247998
BSU30740	1.5914861528325137
BSU29490	1.2852606959547999
BSU30050	0.4984808861716987
BSU30710	0.8609140158400534
BSU30720	0.9798650234272651
BSU30739	0.5733945656460983
BSU30010	1.3638889225164361
BSU30000	1.3797855589095749
BSU30700	0.8704375915428951
BSU30690	0.8732040519249044
BSU29990	0.9634199192581708
BSU30680	0.8996192263639712
BSU30670	0.8273596734693894
BSU29980	1.3165399524919772
BSU30660	1.1025335922106547
BSU30640	1.2852606959547999
BSU29420	0.6812468655791512
BSU29410	0.871543852387978
BSU29970	0.7994656044175421
BSU30595	1.3165399524919772
BSU30620	1.5583174024600557
BSU29400	0.7303770473225359
BSU29960	0.7264500025169961
BSU29950	1.1323873859772056
BSU29940	1.16248467663122
BSU30580	1.1776238619594184
BSU30570	1.2387772507408568
BSU29390	1.0
BSU29380	1.2542133082277942
BSU29370	0.6565083594248126
BSU29350	0.6557477384763519
BSU29920	1.0582150016914458
BSU30530	1.1474057494228085
BSU29320	0.7713341069013179
BSU29310	0.9286711542831898
BSU29280	1.443933614390437
BSU29890	0.997692505368281
BSU30520	1.8994151614004477
BSU29270	1.192823007582393
BSU29860	0.9745646738976279
BSU29850	1.0876987925256831
BSU30510	0.8635332414137478
BSU30500	1.300871475965767
BSU29260	0.8500497804307525
BSU29840	0.8459352288076457
BSU29820	1.1323873859772056
BSU29805	0.6040488456715585
BSU30480	0.6911432655168146
BSU30490	0.8569209620073116
BSU29250	0.9807253696483309
BSU30460	0.48155856635723143
BSU30450	0.8388178724637306
BSU30440	0.7366738124699811
BSU30430	0.7423287282032648
BSU30420	0.7712008889518023
BSU30410	0.8051288896609263
BSU29240	0.9248657288556916
BSU29650	1.508968411247998
BSU30400	1.1025335922106547
BSU30390	1.1174298952715576
BSU30380	1.0876987925256831
BSU30370	0.8898592302716206
BSU29220	0.9046513555439832
BSU29640	0.948479646932677
BSU30360	1.42781286726847
BSU30350	0.9426653117104202
BSU29210	0.7124965991311402
BSU29630	0.9235983195129883
BSU30340	1.5748749825997468
BSU30330	1.0876987925256831
BSU29160	1.0582150016914458
BSU29620	0.661967384093374
BSU30310	1.1323873859772056
BSU29150	1.1474057494228085
BSU29610	1.0582150016914458
BSU28970	1.16248467663122
BSU28960	0.7038018186881662
BSU29730	0.946776754775853
BSU29720	0.8614652288509136
BSU29780	1.2387772507408568
BSU29770	1.300871475965767
BSU29760	1.5418136325895337
BSU29480	0.9164264187291259
BSU30810	1.6584624363872555
BSU30910	1.34804893801963
BSU29170	1.0729258200133638
BSU29870	0.9426653117104202
BSU30470	1.3638889225164361
BSU29430	1.192823007582393
BSU30020	1.192823007582393
BSU30035	0.7734333294699762
BSU29910	0.9858923133631502
BSU31090	0.7608316733346154
BSU31080	2.8168631565788163
BSU31070	0.6503045495843168
BSU31040	1.492627410783256
BSU31030	1.1776238619594184
BSU31020	0.656635155905687
BSU31010	0.7394338575163735
BSU31000	0.7962349534821688
BSU30990	1.4763411220855782
BSU31160	1.0289811644797733
BSU31150	0.9943783499457218
BSU31130	0.823551035823507
BSU31120	0.5426371073807078
BSU31110	0.774666851562924
BSU31100	1.3165399524919772
BSU31860	0.8522467111430211
BSU31850	1.16248467663122
BSU31840	1.411747779924906
BSU31830	0.9619939512674225
BSU31800	1.1776238619594184
BSU31790	0.9807253696483309
BSU31780	0.8463464083919303
BSU31770	0.7050974667615616
BSU31760	0.9244431996837058
BSU31750	0.9687016298873603
BSU31660	1.1025335922106547
BSU31650	1.1474057494228085
BSU31630	1.0876987925256831
BSU31520	0.8813807809072853
BSU31530	0.6886972282852408
BSU31540	1.2387772507408568
BSU31560	1.2080818139511238
BSU31570	0.9389838622723415
BSU31580	1.0289811644797733
BSU31590	1.8295523583368063
BSU31600	1.0729258200133638
BSU31610	0.9464930303146182
BSU31620	0.8455241111658641
BSU31430	0.7604337179236669
BSU31420	1.2852606959547999
BSU31410	0.7041904365086662
BSU31400	1.34804893801963
BSU31390	0.768138823810265
BSU31370	1.0144588250362492
BSU31360	1.192823007582393
BSU31340	1.1776238619594184
BSU31330	1.443933614390437
BSU31322	1.5253638945937036
BSU31310	1.223399991648671
BSU31300	1.864383342561946
BSU31290	1.2542133082277942
BSU31280	1.7433632589376395
BSU32090	2.976813490738509
BSU32080	2.241969951460137
BSU32070	2.1501438481118647
BSU32060	1.0
BSU32050	1.8994151614004477
BSU32040	0.7272348912522598
BSU32030	1.2387772507408568
BSU32020	0.8159499627969184
BSU32010	1.5253638945937036
BSU31875	0.8580219251781332
BSU31890	0.47110227460638154
BSU31900	0.6902417848120235
BSU31910	2.737911766999888
BSU31945	1.1776238619594184
BSU31210	1.34804893801963
BSU31200	1.269707882203211
BSU31190	1.4601097775553284
BSU31180	1.223399991648671
BSU31170	1.0876987925256831
BSU32100	1.300871475965767
BSU32110	1.0144588250362492
BSU32130	3.388305537552338
BSU32350	0.9890539883719992
BSU32360	1.34804893801963
BSU32370	1.1174298952715576
BSU32380	1.3638889225164361
BSU32390	1.3165399524919772
BSU32410	1.2080818139511238
BSU32420	1.192823007582393
BSU32430	1.300871475965767
BSU32440	1.1776238619594184
BSU32450	1.0582150016914458
BSU32460	0.8876329660084482
BSU32470	0.9154433797857071
BSU32490	1.16248467663122
BSU32500	1.5253638945937036
BSU32510	1.0289811644797733
BSU32520	1.223399991648671
BSU32530	0.9812990636142427
BSU32540	1.0435666707863618
BSU32550	0.8478545908056269
BSU32570	0.6072648991221621
BSU32580	0.6834280160795121
BSU32590	0.564899613976237
BSU32600	0.5487468856291124
BSU32610	0.8037793763376863
BSU32620	0.499180151167736
BSU32630	0.8992002714170062
BSU32660	0.8227356013088053
BSU32670	2.260476041646887
BSU32680	1.692266596981353
BSU32690	2.1137449518834854
BSU32700	1.223399991648671
BSU32710	1.0289811644797733
BSU32720	1.411747779924906
BSU32730	0.6825296361058864
BSU32740	0.4753452347243189
BSU32750	0.47488597376354874
BSU32760	0.7905909857247077
BSU32770	0.6911432655168146
BSU32780	0.813240540029042
BSU32790	1.1025335922106547
BSU32800	0.8344471426751315
BSU32810	0.8791610522083863
BSU32820	1.2387772507408568
BSU32830	1.692266596981353
BSU32860	1.223399991648671
BSU32870	0.6948818165546305
BSU32880	0.9965393718244072
BSU32900	1.0289811644797733
BSU32920	1.1025335922106547
BSU32930	0.9705594686009985
BSU32940	1.2080818139511238
BSU32950	1.1776238619594184
BSU32970	1.1776238619594184
BSU32980	1.223399991648671
BSU32320	1.223399991648671
BSU32310	0.6491670405253265
BSU32300	0.9144606655957361
BSU32290	1.1025335922106547
BSU32280	0.8362219062682368
BSU32270	1.0582150016914458
BSU32220	1.2080818139511238
BSU32200	1.0
BSU32180	2.896499508885311
BSU32170	1.2542133082277942
BSU32160	1.269707882203211
BSU31220	1.0876987925256831
BSU31740	1.300871475965767
BSU31480	1.2387772507408568
BSU31500	0.8254546809819503
BSU33030	0.9874727633548939
BSU31670	1.4601097775553284
BSU32190	1.0144588250362492
BSU31730	1.192823007582393
BSU32210	0.9464930303146182
BSU31810	1.0
BSU31820	0.9153029725252383
BSU32120	0.9511778112412174
BSU33530	2.95667186255941
BSU33560	1.1323873859772056
BSU33570	1.411747779924906
BSU33580	1.192823007582393
BSU33590	1.4763411220855782
BSU33600	1.223399991648671
BSU33620	0.7477329645588034
BSU33630	1.4763411220855782
BSU33640	0.9759963308022845
BSU33660	1.4763411220855782
BSU33670	1.1174298952715576
BSU33680	0.937851999006697
BSU33690	1.42781286726847
BSU33740	1.0435666707863618
BSU33750	0.7899199055821196
BSU33760	0.5924654179531669
BSU33770	1.1025335922106547
BSU33780	2.0057013758908875
BSU33790	1.508968411247998
BSU33840	1.2852606959547999
BSU33850	0.7900541077845051
BSU33860	0.8908337589299922
BSU33870	0.8700228554903611
BSU33880	1.0289811644797733
BSU33890	1.1174298952715576
BSU33950	1.4601097775553284
BSU33980	1.1174298952715576
BSU33990	1.0582150016914458
BSU34000	1.8122126368665468
BSU34020	0.8280403540575461
BSU34030	1.3322658616034606
BSU34850	0.4939430044785397
BSU34840	0.7756008102027626
BSU34800	0.38713725025683576
BSU34780	0.7805431784751067
BSU34770	1.16248467663122
BSU34760	1.1174298952715576
BSU34750	0.8609140158400534
BSU34730	1.0729258200133638
BSU34720	1.0582150016914458
BSU34710	1.1776238619594184
BSU34700	0.957008172364322
BSU34690	1.34804893801963
BSU34680	0.8776359858667094
BSU34670	1.0729258200133638
BSU34660	1.1025335922106547
BSU34650	0.989916802761011
BSU34640	0.7891148411024184
BSU34630	1.1174298952715576
BSU34620	1.443933614390437
BSU34610	1.4763411220855782
BSU34600	1.3957385950825656
BSU34590	1.1474057494228085
BSU34580	1.16248467663122
BSU34560	1.0435666707863618
BSU34520	0.9881914052375319
BSU34500	0.8315826629824907
BSU34490	1.3797855589095749
BSU34480	0.7021185707617643
BSU34460	1.7604987964997776
BSU34370	0.738382038485976
BSU34360	0.7195281248367446
BSU34350	1.3165399524919772
BSU34340	0.7006952503951756
BSU34330	0.7025069033428196
BSU34320	0.8360853456583479
BSU34310	0.7676066718919748
BSU34300	0.7915307912636488
BSU34290	1.0582150016914458
BSU34280	0.9701306391665898
BSU34265	1.0500159961689415
BSU34250	0.9585742746429766
BSU34240	0.9015751416588195
BSU34230	1.1174298952715576
BSU34220	1.0582150016914458
BSU34210	0.7118466044283464
BSU34160	1.2852606959547999
BSU34150	0.8971063940284867
BSU34140	1.3957385950825656
BSU34110	1.0289811644797733
BSU34100	1.0435666707863618
BSU34090	0.9900606273312913
BSU34080	1.2387772507408568
BSU34070	1.16248467663122
BSU34060	1.3638889225164361
BSU34050	0.7907252228666745
BSU34040	1.1776238619594184
BSU33360	0.9129170535065777
BSU33370	1.3957385950825656
BSU33380	1.269707882203211
BSU33390	1.7433632589376395
BSU33400	1.508968411247998
BSU33410	1.2080818139511238
BSU33440	0.7057455642682956
BSU33430	1.0876987925256831
BSU33450	0.9109536146298465
BSU33460	0.9853177972934314
BSU33480	1.0144588250362492
BSU33510	1.2542133082277942
BSU33520	0.9140396003904279
BSU35520	0.533214506264613
BSU35480	0.8265430830313119
BSU35390	0.9182529202989211
BSU35380	1.269707882203211
BSU35280	0.9206431058937928
BSU35240	1.1025335922106547
BSU35220	1.7949236765349494
BSU35210	1.2080818139511238
BSU35200	0.8452500662626509
BSU35190	1.0582150016914458
BSU35140	0.8449760493425287
BSU35130	0.6766350295953608
BSU35120	0.7247503016267874
BSU35110	1.3322658616034606
BSU35090	0.8665690765168509
BSU35080	0.9186745796514187
BSU35070	1.0289811644797733
BSU35050	0.8552703304958011
BSU35030	1.7949236765349494
BSU35000	1.0582150016914458
BSU34980	1.192823007582393
BSU34960	1.2542133082277942
BSU34950	1.1025335922106547
BSU34940	1.443933614390437
BSU33010	1.1323873859772056
BSU33020	1.223399991648671
BSU33080	0.7916650771452873
BSU33090	1.9878639852271824
BSU33100	1.0144588250362492
BSU33110	1.1776238619594184
BSU33120	1.0876987925256831
BSU33130	1.0435666707863618
BSU33140	1.1323873859772056
BSU33150	0.7233130478181735
BSU33160	1.16248467663122
BSU33170	1.2542133082277942
BSU33180	0.7273657318506548
BSU33190	1.1025335922106547
BSU33200	1.2542133082277942
BSU33210	0.919518075651436
BSU33221	0.8478545908056269
BSU33230	0.8833244511698046
BSU33240	0.9190962975216286
BSU33250	1.1474057494228085
BSU33260	1.3312326226740274
BSU33270	0.7229212217464587
BSU33280	0.7377248853216073
BSU33350	0.9015751416588195
BSU33330	0.5026809838639498
BSU33000	0.9531047617362435
BSU35350	1.5583174024600557
BSU35310	5.091674923373239
BSU35510	0.5959086002274426
BSU35440	0.8090464055091247
BSU35420	1.0435666707863618
BSU35660	1.0
BSU34830	0.8285850226425224
BSU35150	1.6584624363872555
BSU35230	1.5418136325895337
BSU38550	0.9338937754525353
BSU38490	1.0144588250362492
BSU38480	0.8549953206366022
BSU38470	1.3322658616034606
BSU38450	0.9932263939932583
BSU38440	1.1323873859772056
BSU38380	1.0582150016914458
BSU38370	0.9460674937656314
BSU38360	1.3165399524919772
BSU38350	1.0
BSU38340	0.7212240608254776
BSU38330	1.4763411220855782
BSU38320	0.7637519609278409
BSU38310	1.3322658616034606
BSU38280	0.8994795677221632
BSU38270	0.9959629588487443
BSU38260	1.8818742373630444
BSU38250	0.8801319725035854
BSU38240	1.1776238619594184
BSU38230	1.4763411220855782
BSU38220	0.9945223732079862
BSU38210	0.9416737179587061
BSU38130	1.0144588250362492
BSU38120	0.9085711838961582
BSU38110	1.269707882203211
BSU38080	1.2852606959547999
BSU38060	13.008424369436748
BSU38030	1.3165399524919772
BSU37990	1.2387772507408568
BSU37980	0.9598562157481823
BSU37960	0.9367205540154029
BSU37950	0.8985021454035945
BSU37940	1.3165399524919772
BSU37930	1.8818742373630444
BSU37800	1.7604987964997776
BSU37750	1.1776238619594184
BSU37740	1.411747779924906
BSU37730	1.34804893801963
BSU37720	1.300871475965767
BSU37710	1.5253638945937036
BSU37700	1.6584624363872555
BSU37690	1.2852606959547999
BSU37680	1.3797855589095749
BSU37670	1.3638889225164361
BSU37650	0.9902044589349166
BSU37640	0.9956747907763998
BSU37630	1.0435666707863618
BSU37600	0.7052270713552761
BSU37590	0.7243582366266783
BSU37580	1.223399991648671
BSU37550	1.2387772507408568
BSU37540	1.3957385950825656
BSU37530	0.9874727633548939
BSU37520	0.7869692332808532
BSU37510	1.269707882203211
BSU37500	0.3568911173998992
BSU37490	0.7577823180024221
BSU37480	1.0729258200133638
BSU37450	1.34804893801963
BSU37440	1.508968411247998
BSU37430	1.3322658616034606
BSU37420	0.969416053950324
BSU37410	0.9674160740584538
BSU37400	1.3322658616034606
BSU37390	1.3638889225164361
BSU37380	1.411747779924906
BSU37370	1.6081506963480425
BSU37340	0.7257961265631946
BSU37300	1.4601097775553284
BSU37290	1.3165399524919772
BSU37240	3.600080887645279
BSU37230	2.041522422371882
BSU37220	1.3797855589095749
BSU37210	11.029107673079084
BSU37200	1.42781286726847
BSU37180	1.3638889225164361
BSU37140	0.9435155048266239
BSU37110	1.492627410783256
BSU37090	0.751827070438736
BSU37050	0.9820163245380592
BSU37030	0.9881914052375319
BSU37020	0.9639904876531463
BSU37000	0.6272958578761478
BSU36990	0.5344044386164173
BSU36980	1.3165399524919772
BSU36960	1.0729258200133638
BSU36950	1.0144588250362492
BSU36940	0.8802707019162572
BSU36930	0.7989268838320936
BSU36920	1.0144588250362492
BSU36910	1.0144588250362492
BSU36790	1.1174298952715576
BSU36770	0.7369365380357581
BSU36740	1.0729258200133638
BSU36730	0.9988460483148919
BSU36720	2.041522422371882
BSU36680	1.3957385950825656
BSU36670	3.057797981411193
BSU36630	1.269707882203211
BSU36620	1.1776238619594184
BSU36610	0.7962349534821688
BSU36590	0.8451130547253608
BSU36580	0.9350241725808376
BSU36570	1.1776238619594184
BSU36560	0.5976324853214384
BSU36540	1.0729258200133638
BSU36530	0.4379189510469995
BSU36500	1.0144588250362492
BSU36490	1.7949236765349494
BSU36480	1.0729258200133638
BSU36470	1.0289811644797733
BSU36460	0.920783765126489
BSU36450	0.7796073971517642
BSU36440	0.8510107238664251
BSU36370	0.7419337689306246
BSU36360	0.7713341069013179
BSU36350	1.7092469612779397
BSU36340	0.6111062656900836
BSU36330	1.192823007582393
BSU36320	1.0
BSU36310	1.2080818139511238
BSU36280	0.8833244511698046
BSU36270	1.16248467663122
BSU36260	0.5124056241125424
BSU36250	1.492627410783256
BSU36240	0.9971158880649434
BSU36230	1.4601097775553284
BSU36220	0.6701180775335561
BSU36210	0.6111062656900836
BSU36200	0.7766686138427296
BSU36190	0.7277582952011491
BSU36180	0.6956560818818419
BSU36170	1.0289811644797733
BSU36160	1.0144588250362492
BSU36150	1.223399991648671
BSU36140	0.9695589583474467
BSU36130	1.34804893801963
BSU36120	1.0435666707863618
BSU36110	0.9831642777781993
BSU36100	0.8496380497585088
BSU36080	1.4763411220855782
BSU36030	0.9827337471005827
BSU35990	0.8834633357072632
BSU35980	1.0435666707863618
BSU35970	5.476354914203087
BSU35900	1.411747779924906
BSU35890	1.1776238619594184
BSU35880	1.0435666707863618
BSU35870	0.9935143442468796
BSU35860	1.1174298952715576
BSU35850	0.7587099850418371
BSU35840	0.7010833411990143
BSU35830	3.5787266292992754
BSU38180	1.5418136325895337
BSU36780	1.2387772507408568
BSU37610	0.4348987333027737
BSU40040	1.3797855589095749
BSU40030	1.0582150016914458
BSU40022	1.0582150016914458
BSU40010	0.6928184022136503
BSU39990	0.9316342415611396
BSU39980	0.8563706433394963
BSU39970	0.7187457981067595
BSU39960	0.6343097399683918
BSU39950	1.3638889225164361
BSU39940	1.7949236765349494
BSU39930	0.8653267488867135
BSU39900	1.1474057494228085
BSU39890	1.1323873859772056
BSU39880	1.7092469612779397
BSU39870	1.34804893801963
BSU39850	1.1323873859772056
BSU39840	1.443933614390437
BSU39830	1.5418136325895337
BSU39810	10.490784939333937
BSU39800	1.0729258200133638
BSU39790	0.8173057108710535
BSU39660	1.9700755750823085
BSU39650	1.508968411247998
BSU39640	1.1025335922106547
BSU39630	1.0876987925256831
BSU39620	0.6570155904648511
BSU39610	1.5914861528325137
BSU39600	0.684326758037951
BSU39580	1.1025335922106547
BSU39560	0.8599496542654581
BSU39550	0.7494490120798073
BSU39540	1.3638889225164361
BSU39520	0.6158251636365326
BSU39510	0.17276143855944298
BSU39500	0.3807917900652273
BSU39490	0.2564875352676162
BSU39480	0.3043185400663759
BSU39470	0.5764378908168023
BSU39460	0.5789981005410089
BSU39450	1.1025335922106547
BSU39330	1.934646375304532
BSU39320	0.5558411866804227
BSU39310	0.4443159804433767
BSU39300	0.5702347573172297
BSU39250	4.168708072249858
BSU39210	0.5230147770074562
BSU39190	0.4822504635371378
BSU39180	0.6908856629286948
BSU39160	0.5082979020109628
BSU39150	0.6033074239751974
BSU39140	0.5445516404378044
BSU39120	1.1025335922106547
BSU39100	1.2542133082277942
BSU39090	0.9778584486052286
BSU39060	1.300871475965767
BSU39040	1.0582150016914458
BSU39020	0.7596379999738944
BSU39000	1.42781286726847
BSU38990	0.9361549886948333
BSU38980	0.9883351530725479
BSU38970	0.8005433791058816
BSU38960	0.7144476745170156
BSU38950	0.5518697410006292
BSU38940	0.9790049081814459
BSU38930	1.2387772507408568
BSU38910	0.7126266202476994
BSU38900	0.9795782922106044
BSU38890	0.7128866837644317
BSU38880	1.3797855589095749
BSU38870	1.3165399524919772
BSU38850	1.2387772507408568
BSU38840	0.5462285527736878
BSU38820	1.269707882203211
BSU38800	1.2387772507408568
BSU38780	1.0
BSU38770	2.9969970289718977
BSU38720	1.192823007582393
BSU38710	1.2080818139511238
BSU38690	1.1776238619594184
BSU38680	0.9472023896488037
BSU38670	1.1776238619594184
BSU38660	1.0582150016914458
BSU38650	1.3638889225164361
BSU38640	1.16248467663122
BSU38620	1.0
BSU40000	1.1474057494228085
BSU39910	1.3957385950825656
BSU39440	1.3957385950825656
BSU39290	0.6743327193413129
BSU39280	0.7828172229325211
BSU39240	1.0289811644797733
BSU39200	0.4945240723115309
BSU38790	1.864383342561946
BSU39170	0.537025152312178
BSU40990	0.809587210403681
BSU40980	1.1323873859772056
BSU40950	0.9981250359453367
BSU40940	0.927825089595548
BSU40930	0.7861650927043445
BSU40920	0.703024781307315
BSU40870	1.1776238619594184
BSU40860	1.1776238619594184
BSU40850	0.8526588294267885
BSU40840	1.223399991648671
BSU40830	0.7067829009737004
BSU40820	1.223399991648671
BSU40810	1.192823007582393
BSU40790	1.0435666707863618
BSU40750	0.8277680613335147
BSU40730	1.34804893801963
BSU40710	0.9798650234272651
BSU40700	1.3957385950825656
BSU40690	0.9071706480266908
BSU40680	0.8890241806561077
BSU40670	0.6959142293041681
BSU40660	1.1025335922106547
BSU40650	0.921627853975048
BSU40630	1.0435666707863618
BSU40620	0.3388409150111372
BSU40610	0.48409701167758745
BSU40590	0.7879077157301357
BSU40580	0.9681302064072778
BSU40570	0.9161455175235071
BSU40560	1.1174298952715576
BSU40550	1.1174298952715576
BSU40540	0.6865109262658772
BSU40520	0.6152036197186892
BSU40510	1.0
BSU40490	1.3797855589095749
BSU40480	1.3165399524919772
BSU40470	1.0144588250362492
BSU40450	1.443933614390437
BSU40430	1.16248467663122
BSU40410	0.7735998938953926
BSU40400	1.0
BSU40390	0.7362797789817472
BSU40380	0.6398374047397645
BSU40370	1.192823007582393
BSU40280	1.411747779924906
BSU40270	1.7262792485480012
BSU40260	1.1025335922106547
BSU40250	1.192823007582393
BSU40240	0.8514226582589918
BSU40230	1.1174298952715576
BSU40220	1.0582150016914458
BSU40210	1.1025335922106547
BSU40200	0.92106510201321
BSU40180	1.0582150016914458
BSU40170	0.5639312427124641
BSU40160	0.6789397457851432
BSU40150	0.8181194910249393
BSU40140	0.8599496542654581
BSU40360	0.9244431996837058
BSU40460	1.2387772507408568
BSU40120	1.934646375304532
