BSU26790	1.443933614390437
BSU27090	0.8419636581612239
BSU28720	0.9430903789505751
BSU14480	1.2387772507408568
BSU28810	1.8818742373630444
BSU00370	0.8058039075148907
BSU29200	1.0582150016914458
BSU24350	0.7950244953829708
BSU24340	1.0729258200133638
BSU29470	1.1174298952715576
BSU08060	1.3165399524919772
BSU08070	1.2852606959547999
BSU08080	1.7949236765349494
BSU08090	0.9926505691251704
BSU08100	1.1323873859772056
BSU15920	0.8251826493498251
BSU29680	1.1174298952715576
BSU29690	1.300871475965767
BSU29700	0.8725121844651739
BSU29710	0.9067506164262014
BSU10620	0.6533408920685051
BSU14520	0.976425953509324
BSU01370	1.269707882203211
BSU40090	0.8326735369983034
BSU40100	0.7935458132639158
BSU24250	1.0582150016914458
BSU27410	1.1174298952715576
BSU31930	1.0582150016914458
BSU39860	0.6489143443234113
BSU38830	1.864383342561946
BSU01800	0.7820143877099532
BSU36000	1.2852606959547999
BSU36020	2.041522422371882
BSU36010	1.0435666707863618
BSU18120	0.8110749949071694
BSU03010	1.0582150016914458
BSU14450	0.9241615462667921
BSU30290	1.2852606959547999
BSU30280	1.0582150016914458
BSU29930	1.0582150016914458
BSU23580	0.8863814442869773
BSU23570	0.748788851064083
BSU23590	1.0144588250362492
BSU11390	0.560908370635574
BSU11400	0.5565642055873685
BSU11360	0.9618513904801692
BSU11370	0.61682003382467
BSU10300	1.1323873859772056
BSU17260	0.9966834918033106
BSU27610	0.8881893710844544
BSU28800	1.7433632589376395
BSU28790	1.934646375304532
BSU28780	2.4670874134096357
BSU33960	1.3165399524919772
BSU28770	1.2387772507408568
BSU28760	0.9672732668996996
BSU28750	0.8680882196021283
BSU28740	1.192823007582393
BSU28730	0.9945223732079862
BSU11210	2.0956171723557393
BSU11190	2.601417924624738
BSU11220	1.9170059330024374
BSU19710	0.738382038485976
BSU11250	1.1025335922106547
BSU29450	2.1137449518834854
BSU29440	2.4101904421029468
BSU11200	1.934646375304532
BSU37330	1.223399991648671
BSU29750	0.6722882439336408
BSU22700	0.68946937360649
BSU23080	1.1025335922106547
BSU25660	0.8261348806723069
BSU22600	0.9567235114765109
BSU22710	0.7550014086298139
BSU22690	0.7332610055231873
BSU16750	0.8544453816155748
BSU28470	1.0107991797038862
BSU30540	1.1323873859772056
BSU39920	0.9133379587099383
BSU22360	1.1474057494228085
BSU22370	0.9056308249146818
BSU27550	0.7431188406615263
BSU36830	1.0435666707863618
BSU36870	0.800004436263668
BSU36800	0.9250065846079196
BSU36810	1.0729258200133638
BSU36860	0.740091478373888
BSU36850	0.8912515144610856
BSU36820	0.7662767891289584
BSU36840	0.6865109262658772
BSU36880	0.8611896092471343
BSU26720	0.760964338945242
BSU26710	0.9052110129318304
BSU26700	0.738382038485976
BSU22050	1.3638889225164361
BSU25290	1.0582150016914458
BSU24050	0.9688445016325204
BSU24040	1.411747779924906
BSU24030	1.3957385950825656
BSU40110	0.7353606189982185
BSU18130	1.16248467663122
BSU39260	1.6416390492129653
BSU39270	0.7382505938176098
BSU39070	2.297627895625568
BSU30230	0.8440172029092534
BSU30200	0.8329463238885813
BSU30210	0.7010833411990143
BSU30220	0.7853612036419864
BSU30190	0.718615435911317
BSU30240	0.9894853663328611
BSU22440	1.1323873859772056
BSU26590	0.7481288683174194
BSU26600	0.5336903815543361
BSU26580	0.732998683603173
BSU24000	0.7862990981023606
BSU00230	0.6075125053749255
BSU27750	1.2542133082277942
BSU15300	0.6774030012940494
BSU29600	0.7904567555623188
BSU26690	0.6743327193413129
BSU14630	0.6542273087606609
BSU03180	0.75433974973256
BSU11230	2.2790287377705636
BSU11240	1.7433632589376395
BSU25190	0.9220499879773983
BSU35270	0.9966834918033106
BSU29740	0.8726505444563583
BSU25300	0.7629551786508646
BSU16540	0.9798650234272651
BSU19790	1.0289811644797733
BSU19760	1.1323873859772056
BSU19750	1.3322658616034606
BSU16430	0.9377105450176763
BSU16420	0.7398284085575179
BSU16450	0.6503045495843168
BSU16460	0.6489143443234113
BSU22720	0.6259209455002808
BSU14010	0.8830467043220475
BSU16440	0.625171384272345
BSU16330	0.8062090007081548
BSU16930	1.0729258200133638
BSU09440	0.8106691518211785
BSU29130	0.8978041861228385
BSU33040	1.492627410783256
BSU07610	1.0289811644797733
BSU07590	0.7987922208765318
BSU29140	0.8292660131006204
BSU00860	0.8883284893095585
BSU34540	0.9039519343231955
BSU16150	1.0435666707863618
BSU28220	1.300871475965767
BSU16160	1.0
BSU22890	1.5583174024600557
BSU16140	1.0435666707863618
BSU16170	1.0435666707863618
BSU31680	0.9087112736573274
BSU25590	0.8926444657863648
BSU25580	0.8140530769557608
BSU25570	0.7415388737146342
BSU25600	0.9387008576335003
BSU35470	0.9731336622074667
BSU35460	0.9351655018791727
BSU35450	1.0876987925256831
BSU24720	0.7564576839002493
BSU24710	0.7411440434178906
BSU24700	0.8837411234575137
BSU24690	0.8288573984403391
BSU24680	0.9490474857052228
BSU24670	0.95274098152857
BSU10420	0.9991344977633154
BSU31710	1.2387772507408568
BSU03500	0.7450952488272196
BSU31700	0.730246041116839
BSU06300	0.6765070602420222
BSU36050	2.1137449518834854
BSU22200	1.0289811644797733
BSU17030	0.7260576555154736
BSU40530	1.0435666707863618
BSU36070	0.9938023203407793
BSU36060	1.4763411220855782
BSU06890	0.6319273480880873
BSU06900	0.7316875056649046
BSU17990	0.6914008977797582
BSU17980	1.0144588250362492
BSU17970	0.8556828969169141
BSU24620	0.6461366733007488
BSU12090	0.87985453263318
BSU11780	0.8109397067162575
BSU11770	0.85898562389448
BSU11760	1.2387772507408568
BSU11750	0.790322533174014
BSU11740	1.4601097775553284
BSU34740	0.7370679108929277
BSU19040	0.8288573984403391
BSU35180	1.16248467663122
BSU27760	1.192823007582393
BSU00240	0.39492429961178716
BSU09100	1.3957385950825656
BSU05120	1.7262792485480012
BSU21930	2.1684146510521622
BSU08930	0.41978378788708787
BSU35370	0.8356757023546247
BSU14870	0.6524548438549843
BSU14880	0.8831855743346706
BSU14890	0.7601684503986962
BSU14900	0.7183547328828189
BSU14910	0.8373146434766349
BSU14920	0.6292973811415618
BSU14930	0.947486178942518
BSU00520	1.3165399524919772
BSU19590	0.903392516050059
BSU37150	1.7262792485480012
BSU00830	0.6562547893800508
BSU17410	0.6862538540995223
BSU01530	0.8211054761537181
BSU02600	0.6538473706322676
BSU38760	1.6416390492129653
BSU38750	6.321672719837648
BSU26740	0.7996003017338282
BSU35060	1.0729258200133638
BSU00930	0.6689700380702246
BSU15570	1.3322658616034606
BSU00730	1.9170059330024374
BSU00940	0.6982388770756146
BSU26650	0.9391253749859373
BSU00100	0.7180940590869528
BSU23190	2.3349650123399206
BSU23480	1.6248683985589283
BSU04640	0.8488147723741368
BSU16770	0.9943783499457218
BSU22490	1.0729258200133638
BSU16760	1.0435666707863618
BSU04560	1.0876987925256831
BSU39110	0.8001391611536061
BSU15720	0.8809644506457364
BSU10840	0.9457838352550377
BSU31720	0.7295911187952371
BSU21940	1.443933614390437
BSU35500	1.269707882203211
BSU35490	1.3957385950825656
BSU19630	1.5914861528325137
BSU39430	0.9738490878011976
BSU21810	0.8158144259994501
BSU25310	0.7865671310203041
BSU19310	1.34804893801963
BSU31980	0.70561593000973
BSU31960	1.3638889225164361
BSU05630	0.850187037998451
BSU22400	1.4763411220855782
BSU15240	1.1174298952715576
BSU00620	1.300871475965767
BSU15420	1.0144588250362492
BSU38500	1.1474057494228085
BSU38510	1.16248467663122
BSU38520	1.1776238619594184
BSU38530	1.3638889225164361
BSU38540	1.1323873859772056
BSU00010	0.9350241725808376
BSU28990	0.92106510201321
BSU40440	1.492627410783256
BSU22350	0.9305051046437951
BSU29230	1.0582150016914458
BSU25210	1.0876987925256831
BSU28980	1.0289811644797733
BSU25460	0.6932051492062481
BSU25470	0.8272235575256155
BSU00020	0.614830785846488
BSU00190	0.8930624819181175
BSU12920	1.0144588250362492
BSU12930	0.9361549886948333
BSU12950	1.0144588250362492
BSU12960	0.6743327193413129
BSU30650	4.669346625471353
BSU39420	1.3322658616034606
BSU23500	1.3322658616034606
BSU13650	1.2542133082277942
BSU17300	0.589396327270576
BSU17290	0.6290470838473319
BSU10040	0.9306462236512656
BSU10050	0.8908337589299922
BSU10060	1.0435666707863618
BSU24450	1.1323873859772056
BSU33900	1.0582150016914458
BSU38400	0.8369048163259138
BSU28520	1.1474057494228085
BSU28530	1.0435666707863618
BSU40880	1.300871475965767
BSU05610	1.0729258200133638
BSU15900	1.269707882203211
BSU15910	0.9517461461051158
BSU37120	1.2387772507408568
BSU40190	1.223399991648671
BSU23040	1.6416390492129653
BSU01620	1.0144588250362492
BSU01610	0.6615860723237902
BSU15980	1.2542133082277942
BSU33310	0.639963204019998
BSU33290	0.525144598814523
BSU33320	0.34008364769438176
BSU33300	1.300871475965767
BSU16180	0.7804094742954844
BSU16190	0.8937593075376549
BSU16290	0.9054908813518388
BSU35410	1.1025335922106547
BSU35400	1.1025335922106547
BSU35430	0.8090464055091247
BSU16390	0.6997899628745561
BSU16380	0.7237049393490026
BSU16400	0.7050974667615616
BSU36400	0.9416737179587061
BSU36390	0.9891977746337625
BSU35340	1.0289811644797733
BSU16200	0.8427848913037392
BSU16210	0.894874576962072
BSU16220	0.8801319725035854
BSU16230	1.0289811644797733
BSU16240	0.8952929122441723
BSU16250	0.860362911182606
BSU16270	0.8259988266357507
BSU16300	0.962706853676519
BSU16310	0.8295384568031122
BSU16350	0.7145778044348202
BSU16360	0.6365692785107099
BSU16370	0.8959902721872646
BSU35330	0.9286711542831898
BSU35320	0.9392668939984109
BSU16320	0.7856291383987091
BSU16340	0.8519720004622926
BSU15730	1.2542133082277942
BSU37310	0.977142120788655
BSU00780	0.6951398754688116
BSU28080	0.7481288683174194
BSU24310	0.9479119118821308
BSU00790	0.7477329645588034
BSU16520	0.8762502669350024
BSU14400	0.7610970117056274
BSU14390	0.7348355436067557
BSU14380	0.6281712836728641
BSU15280	1.2542133082277942
BSU35260	1.6081506963480425
BSU15150	1.0435666707863618
BSU35250	1.411747779924906
BSU15950	1.0144588250362492
BSU15290	1.1174298952715576
BSU01120	1.0582150016914458
BSU38860	0.7360171263696581
BSU31060	0.622300618819762
BSU00500	0.8766659122764205
BSU03930	0.7745334576706271
BSU33050	1.3638889225164361
BSU33060	1.42781286726847
BSU35800	2.8168631565788163
BSU35810	1.0729258200133638
BSU35820	0.9609961598630552
BSU22760	1.223399991648671
BSU22750	1.1323873859772056
BSU22740	1.2542133082277942
BSU01550	0.7571199118955935
BSU28410	0.8177125696290846
BSU03700	0.528344305524632
BSU03720	0.8125636169977305
BSU03710	0.7786719598287152
BSU28380	0.6118506146345076
BSU35690	0.8152723481942421
BSU35680	0.6155765233211871
BSU18410	0.7425920699945396
BSU16130	0.9738490878011976
BSU41010	0.9447912352245756
BSU41000	0.8341742054493423
BSU24850	1.16248467663122
BSU13880	0.85155998337295
BSU30950	0.8012172149207485
BSU01780	0.959428843752834
BSU17460	0.6756114833035521
BSU27440	1.492627410783256
BSU27450	1.5418136325895337
BSU27460	0.8554078459267339
BSU27430	1.5253638945937036
BSU17450	0.518999036641527
BSU09300	0.33822007226429535
BSU09280	0.35573488415222726
BSU09290	0.7614950736035653
BSU09270	0.9347415341243506
BSU18450	0.49743255271819514
BSU18440	0.462423729415775
BSU18460	0.7665427087840665
BSU02340	0.7382505938176098
BSU26670	0.7705349046116127
BSU10220	0.8126989875576448
BSU00920	1.1174298952715576
BSU08180	0.6320526685463759
BSU36900	0.6072648991221621
BSU25270	1.0
BSU25260	0.7997350057497825
BSU40060	1.1323873859772056
BSU40070	1.300871475965767
BSU40050	1.1474057494228085
BSU25540	1.6081506963480425
BSU22830	1.3165399524919772
BSU27320	1.0289811644797733
BSU18100	0.9042316829288477
BSU18090	1.0289811644797733
BSU06030	0.9010161761350007
BSU06020	0.9234575286047662
BSU25480	0.8920872047571273
BSU08710	0.9649892312807269
BSU04400	6.966453773444449
BSU38430	16.497799955727782
BSU06360	1.0435666707863618
BSU00090	0.5789981005410089
BSU06150	1.0435666707863618
BSU00070	0.9698447857297755
BSU00060	0.5534332064512882
BSU35360	1.42781286726847
BSU22790	1.3638889225164361
BSU28170	0.623049123115848
BSU28130	0.593325639252596
BSU28150	0.5941862438074825
BSU28140	0.5495871192164126
BSU10120	0.8773587879544791
BSU10130	0.8682263642627583
BSU25500	0.978861577670939
BSU28160	0.6444970421403532
BSU10140	0.7564576839002493
BSU29290	1.0729258200133638
BSU34880	0.3657583706802418
BSU34900	0.4121781991230603
BSU22620	1.0435666707863618
BSU34910	0.5566847370499168
BSU34870	0.3766150431201088
BSU34920	0.6654022253659913
BSU34890	0.41206828750321317
BSU34860	0.31327141080720355
BSU29340	1.1776238619594184
BSU27560	0.8470318438431662
BSU34930	0.7830848911907429
BSU10030	0.7309011442217693
BSU13040	0.8972459390147938
BSU00310	0.9133379587099383
BSU32260	1.1776238619594184
BSU09990	0.877081617952579
BSU00680	1.2852606959547999
BSU25490	0.9988460483148919
BSU39820	0.8005433791058816
BSU12900	0.8541704525156171
BSU39380	1.5418136325895337
BSU39350	0.5476671648316013
BSU39370	1.269707882203211
BSU39390	1.34804893801963
BSU39340	1.1776238619594184
BSU15430	1.0729258200133638
BSU21770	1.0144588250362492
BSU28310	0.46572943596157
BSU21870	0.89278379792964
BSU28300	0.5177018616910029
BSU01390	0.9752804220283695
BSU16630	1.0144588250362492
BSU28870	1.0876987925256831
BSU39760	1.0729258200133638
BSU39750	1.7604987964997776
BSU39740	2.601417924624738
BSU39730	0.96556008504418
BSU39720	1.443933614390437
BSU39710	1.4601097775553284
BSU39700	1.1776238619594184
BSU39690	1.2542133082277942
BSU39680	2.1137449518834854
BSU39670	0.8378611762691389
BSU39770	1.2080818139511238
BSU39780	1.0582150016914458
BSU11130	0.6067697806002156
BSU13190	1.2542133082277942
BSU13200	0.8897200386998025
BSU41030	1.0582150016914458
BSU31460	0.8675357097772326
BSU31470	1.269707882203211
BSU08820	0.3685164956646847
BSU39050	3.5787266292992754
BSU01560	0.6604425403335232
BSU17000	0.843332516926916
BSU22100	1.34804893801963
BSU22110	0.9812990636142427
BSU22120	0.946776754775853
BSU22090	0.957008172364322
BSU22140	1.1025335922106547
BSU22130	0.9801517797635764
BSU13990	0.9624216738016228
BSU31450	0.7904567555623188
BSU14490	1.0876987925256831
BSU00420	0.8687790090051674
BSU03050	4.6000575394826395
BSU03060	5.23492139537685
BSU25510	0.9382763989424223
BSU28280	0.44904775469507174
BSU28270	0.38132829202959584
BSU28250	0.37181332543731255
BSU30320	1.0876987925256831
BSU27070	1.1174298952715576
BSU27080	0.45255010395480055
BSU17850	1.2542133082277942
BSU34990	1.2852606959547999
BSU38570	0.859674182566521
BSU38590	0.6276709944389188
BSU38580	0.768138823810265
BSU38560	0.7147079416162815
BSU38600	1.0435666707863618
BSU39080	1.5418136325895337
BSU32330	0.8653355670438786
BSU08350	1.1174298952715576
BSU02680	0.9867542809641477
BSU02670	0.7148380860567353
BSU28200	1.2852606959547999
BSU28210	1.1025335922106547
BSU07100	0.823551035823507
BSU07120	0.7006952503951756
BSU15450	1.0582150016914458
BSU23380	1.0582150016914458
BSU00820	0.8455241111658641
BSU35640	0.8865204752552228
BSU35630	0.9708453860867983
BSU35620	1.0289811644797733
BSU09420	0.8093167935380895
BSU35650	1.1323873859772056
BSU28050	1.6753383535554418
BSU29880	0.7589750965457199
BSU01380	1.0435666707863618
BSU36410	1.2852606959547999
BSU31240	1.0289811644797733
BSU31260	0.9966834918033106
BSU13950	1.3797855589095749
BSU29120	0.9320577767471611
BSU03070	0.8519720004622926
BSU11300	1.0582150016914458
BSU30300	1.1025335922106547
BSU30800	1.2542133082277942
BSU30820	1.192823007582393
BSU30790	0.9109536146298465
BSU30830	1.6416390492129653
BSU21910	0.6844551792120999
BSU30550	1.1174298952715576
BSU00380	0.8743113894013071
BSU00550	0.7673406386641414
BSU17330	1.3322658616034606
BSU28000	1.4763411220855782
BSU27990	1.2080818139511238
BSU24170	1.1174298952715576
BSU24160	1.16248467663122
BSU24150	1.0144588250362492
BSU24140	0.8103986247909933
BSU24130	0.9439406892450861
BSU37570	1.6248683985589283
BSU29460	0.8492263800884936
BSU14310	0.9778584486052286
BSU14300	1.411747779924906
BSU14260	1.0
BSU14290	1.0876987925256831
BSU14280	1.0289811644797733
BSU14270	1.16248467663122
BSU13690	1.2387772507408568
BSU13680	1.269707882203211
BSU02240	0.7981190118464894
BSU15190	0.8259988266357507
BSU28030	1.864383342561946
BSU14470	1.300871475965767
BSU28020	1.6584624363872555
BSU28010	1.1323873859772056
BSU32990	0.45119336551296507
BSU30270	1.0435666707863618
BSU30260	1.0876987925256831
BSU38810	1.2852606959547999
BSU20250	0.7993309138051832
BSU03981	0.465273046943477
BSU07340	0.8013520030109279
BSU22770	0.9574352138422966
BSU36760	1.269707882203211
BSU15230	1.2542133082277942
BSU29790	1.0582150016914458
BSU15200	1.34804893801963
BSU15180	0.8918086146412246
BSU04570	1.0582150016914458
BSU15220	1.0144588250362492
BSU37100	1.3322658616034606
BSU17050	0.8429217875428274
BSU29080	0.960568631880377
BSU17040	0.8950140155477565
BSU04330	1.1474057494228085
BSU27850	1.3322658616034606
BSU27870	1.3957385950825656
BSU27860	1.1474057494228085
BSU03130	1.16248467663122
BSU35010	0.9303639921491521
BSU35020	0.4234362925586879
BSU36700	1.7433632589376395
BSU37260	1.3638889225164361
BSU36710	1.6584624363872555
BSU03320	0.36809175524025023
BSU03280	0.8792997349765408
BSU02750	0.7861650927043445
BSU02760	0.6528345335974802
BSU01830	2.391315538431286
BSU22730	1.1323873859772056
BSU27880	1.223399991648671
BSU29590	1.2852606959547999
BSU03420	0.7917993699729933
BSU11100	0.8901376333488003
BSU17380	0.5284629273803948
BSU17390	0.6063985232079688
BSU36510	1.4763411220855782
BSU36520	1.4601097775553284
BSU22340	1.0876987925256831
BSU03430	0.8683645152767069
BSU25750	0.6482827345754187
BSU39410	1.492627410783256
BSU16600	0.9637051906225402
BSU01010	0.8702993396050086
BSU27920	1.492627410783256
BSU19370	1.2852606959547999
BSU19360	1.1323873859772056
BSU11430	0.7589750965457199
BSU11440	0.8064790985465567
BSU11460	0.7920679764498306
BSU11470	0.5295308945473494
BSU02980	0.7520914420154394
BSU02990	0.8097224284257927
BSU03000	0.933046253814249
BSU33720	0.932340165914989
BSU33710	0.877913209904557
BSU33830	0.9497574317415297
BSU33820	0.9916431224694271
BSU33810	0.7931426833262615
BSU33800	0.7660108973785382
BSU06660	1.2387772507408568
BSU00750	0.6802211827162584
BSU00740	0.7713341069013179
BSU00760	0.6138369020265341
BSU34400	1.0729258200133638
BSU22430	0.6825296361058864
BSU22420	0.759107663122371
BSU22410	0.7058752061078617
BSU22450	1.0582150016914458
BSU14000	0.8898592302716206
BSU31440	1.0
BSU18350	0.9141799491485312
BSU25000	1.1776238619594184
BSU15160	1.1174298952715576
BSU04140	0.8571961617950564
BSU34440	1.7262792485480012
BSU10110	0.9794349365203149
BSU16950	1.2387772507408568
BSU22060	0.5474273155996906
BSU30560	1.0435666707863618
BSU02650	0.7350980671321412
BSU14580	1.3165399524919772
BSU14590	1.3797855589095749
BSU14600	1.3638889225164361
BSU14610	1.223399991648671
BSU39400	0.922612925585918
BSU07560	1.1474057494228085
BSU18650	1.223399991648671
BSU38920	0.7756008102027626
BSU29190	0.9900606273312913
BSU31350	0.9857486753740928
BSU33930	1.269707882203211
BSU33910	0.8611896092471343
BSU16920	1.0582150016914458
BSU27900	1.1776238619594184
BSU27910	1.0289811644797733
BSU28640	0.7721335636596693
BSU28630	0.674204884045314
BSU05740	0.8474431869684281
BSU02620	1.3957385950825656
BSU25340	1.2542133082277942
BSU29110	1.1323873859772056
BSU29100	0.6358158249444921
BSU12440	1.0144588250362492
BSU03780	1.0582150016914458
BSU25840	1.1776238619594184
BSU37470	0.8090464055091247
BSU40310	0.8190692150822837
BSU05020	1.0582150016914458
BSU17080	0.8313100126075053
BSU17100	1.0
BSU17110	0.6668031673778688
BSU17140	0.68946937360649
BSU17150	1.0582150016914458
BSU17160	0.8339012949553072
BSU17170	0.7727999714711834
BSU17190	0.8851304647876472
BSU17210	0.7507698704523177
BSU17220	0.8230073858862119
BSU17230	0.8555453680683958
BSU15890	1.0876987925256831
BSU35790	1.34804893801963
BSU34390	0.8969668554966032
BSU23490	1.192823007582393
BSU29090	1.5418136325895337
BSU16580	1.0435666707863618
BSU22320	0.9682730529390573
BSU23360	1.0289811644797733
BSU18830	0.7408808587694148
BSU18340	0.990492140258702
BSU18330	0.7358858105494893
BSU18320	0.9827337471005827
BSU18310	1.2387772507408568
BSU18300	0.8148658618290303
BSU37010	1.1323873859772056
BSU35290	1.223399991648671
BSU08970	0.5102918142985554
BSU13130	0.7080802289375357
BSU13120	0.7766686138427296
BSU18480	0.5213600865238763
BSU18470	0.47752858307975093
BSU16570	1.0435666707863618
BSU00510	0.7718670498564157
BSU09950	0.9695589583474467
BSU02290	0.9459256614450133
BSU02270	0.9772853734832324
BSU37660	1.3797855589095749
BSU13890	1.0582150016914458
BSU13900	0.918534020333334
BSU40420	0.9282480923785428
BSU06440	0.5568052762405997
BSU06450	0.8836022261766086
BSU06530	0.3600503245086246
BSU06420	0.6041724430843033
BSU06490	0.3858440429381343
BSU06520	0.3299756655493962
BSU06430	0.6463890376500793
BSU06480	0.4779886263598612
BSU06500	0.31185782161105674
BSU06510	0.38175766022784047
BSU06470	0.4565143881695991
BSU00470	0.8006781323036883
BSU02230	0.7178334145605451
BSU14860	0.7838880642628586
BSU29180	1.443933614390437
BSU15510	1.0582150016914458
BSU15520	1.0144588250362492
BSU15490	1.300871475965767
BSU15500	1.2542133082277942
BSU15540	1.192823007582393
BSU15530	1.2542133082277942
BSU15560	1.16248467663122
BSU15550	1.0144588250362492
BSU15480	1.42781286726847
BSU15470	2.3349650123399206
BSU22560	0.7499772696832875
BSU22550	0.8035095567288046
BSU22540	0.8958507863203469
BSU38170	0.9199399130262105
BSU38160	1.0582150016914458
BSU38150	1.1323873859772056
BSU38140	1.2387772507408568
BSU27720	0.8879111555958287
BSU28390	1.1474057494228085
BSU34430	1.7949236765349494
BSU12430	1.3957385950825656
BSU36690	1.5253638945937036
BSU03770	1.2080818139511238
BSU36380	1.508968411247998
BSU37460	0.9025535882279343
BSU40300	0.9140396003904279
BSU06830	0.9446494610421973
BSU05010	1.0435666707863618
BSU02820	1.3322658616034606
BSU18910	1.1323873859772056
BSU16650	1.2080818139511238
BSU35940	1.1323873859772056
BSU35960	1.4601097775553284
BSU35950	1.223399991648671
BSU35930	1.2387772507408568
BSU35920	1.9170059330024374
BSU35910	1.7604987964997776
BSU16940	1.0144588250362492
BSU00040	0.5090013623055147
BSU24240	1.2542133082277942
BSU19220	0.9927829419480244
BSU00210	0.7141874364910255
BSU27600	0.9920748469391653
BSU23150	1.6753383535554418
BSU23140	1.0435666707863618
BSU23130	0.7689372625227243
BSU23120	0.7599032108171151
BSU23110	0.6919162511764423
BSU37080	0.8582972339249666
BSU23260	0.8457981831759741
BSU23270	0.8060739631426918
BSU16670	1.3797855589095749
BSU23250	0.8102633716340646
BSU29300	1.492627410783256
BSU23240	0.8781904617938374
BSU23510	1.1776238619594184
BSU15930	0.7778704316256917
BSU16060	0.8751421759710672
BSU41050	1.223399991648671
BSU37780	1.1474057494228085
BSU37770	1.2387772507408568
BSU37760	1.2387772507408568
BSU40340	1.8994151614004477
BSU40330	1.7776856665577871
BSU40320	1.5748749825997468
BSU40350	1.42781286726847
BSU28370	0.8182551448455675
BSU01030	1.192823007582393
BSU01190	0.914881789368142
BSU01160	0.768138823810265
BSU01170	0.7905909857247077
BSU01280	1.0582150016914458
BSU01310	0.7998697172610147
BSU01040	1.16248467663122
BSU01020	1.1323873859772056
BSU01050	0.9959629588487443
BSU01490	1.0435666707863618
BSU01260	0.8448390509632018
BSU01350	1.1474057494228085
BSU01230	1.0729258200133638
BSU01440	0.9243023696414893
BSU01320	1.16248467663122
BSU16040	1.3165399524919772
BSU28850	1.3165399524919772
BSU27960	1.5583174024600557
BSU01210	0.9231759677811703
BSU01180	0.9637051906225402
BSU01270	1.0
BSU27940	1.5914861528325137
BSU15820	1.5748749825997468
BSU01240	0.6982388770756146
BSU01340	0.8051288896609263
BSU37070	0.9175502877670799
BSU15080	0.720049820663466
BSU00990	0.8994795677221632
BSU41060	1.0289811644797733
BSU28860	1.0435666707863618
BSU01400	0.9688445016325204
BSU01430	1.0729258200133638
BSU01070	1.0876987925256831
BSU01080	1.0876987925256831
BSU37160	1.6081506963480425
BSU16490	0.9019944364085595
BSU01220	1.1323873859772056
BSU29660	1.0289811644797733
BSU01330	0.7437774643105309
BSU40910	1.0144588250362492
BSU01110	1.2080818139511238
BSU01300	0.9671304663147675
BSU01500	1.1025335922106547
BSU01150	0.8152723481942421
BSU01420	0.9473442807741463
BSU01100	1.3638889225164361
BSU01410	0.9052110129318304
BSU01290	0.901854665161204
BSU16680	1.0435666707863618
BSU15990	1.2080818139511238
BSU01250	0.8310373901294216
BSU40890	0.5759506264091022
BSU01200	0.9003176180239775
BSU25550	1.0144588250362492
BSU25410	1.0289811644797733
BSU04670	0.9884789079792212
BSU04680	1.0876987925256831
BSU04690	0.9625642603969871
BSU04700	0.9038120694302683
BSU04720	1.5253638945937036
BSU04740	1.269707882203211
BSU18490	0.6581572989968438
BSU27740	1.16248467663122
BSU27730	1.5253638945937036
BSU38040	1.7604987964997776
BSU34450	0.7522236382157196
BSU38050	1.411747779924906
BSU38070	1.4601097775553284
BSU04830	0.5023305624822397
BSU38410	1.16248467663122
BSU38420	1.42781286726847
BSU06650	0.8280403540575461
BSU37350	1.7776856665577871
BSU15270	1.42781286726847
BSU28440	1.0876987925256831
BSU28430	0.9914992276438978
BSU28450	0.8602251522995976
BSU35300	0.871820485080315
BSU01000	0.8108044256862786
BSU27650	0.973562898085224
BSU01360	1.300871475965767
BSU08810	0.575098218493882
BSU23070	0.9004573158403542
BSU10020	0.8876329660084482
BSU00130	0.4915048105281423
BSU03569	0.6033074239751974
BSU25200	1.16248467663122
BSU04730	1.492627410783256
BSU16470	0.6880539771268502
BSU15320	1.5914861528325137
BSU23450	0.7542074395845659
BSU15330	2.1867328158910104
BSU00980	0.8421005127937432
BSU34200	0.8930624819181175
BSU27120	1.5253638945937036
BSU01730	1.4763411220855782
BSU23100	1.8818742373630444
BSU38700	1.1323873859772056
BSU24600	0.5453898990513691
BSU24610	0.9825902499518548
BSU23310	0.9624216738016228
BSU14410	1.2852606959547999
BSU04010	1.0144588250362492
BSU24630	0.770668087667859
BSU14620	1.1474057494228085
BSU34380	1.0582150016914458
BSU16510	0.8339012949553072
BSU15940	1.16248467663122
BSU16110	0.9293763882714093
BSU00870	0.9688445016325204
BSU25020	1.508968411247998
BSU19330	1.34804893801963
BSU40970	0.9237391161827146
BSU13920	0.8441541600311999
BSU13930	1.0289811644797733
BSU23180	1.6248683985589283
BSU23170	1.9170059330024374
BSU24220	1.16248467663122
BSU27930	1.192823007582393
BSU13640	0.843058690843352
BSU37130	0.8449760493425287
BSU40960	0.9712743119546755
BSU23470	1.42781286726847
BSU23460	0.774666851562924
BSU36750	2.0057013758908875
BSU15310	1.8818742373630444
BSU24430	1.0289811644797733
BSU24420	0.9659882928943927
BSU24410	0.6969471124070921
BSU24400	1.1174298952715576
BSU24390	1.8994151614004477
BSU24380	1.4763411220855782
BSU24370	0.601084836203713
BSU24360	1.492627410783256
BSU26390	1.1474057494228085
BSU36420	0.7648147349660775
BSU16800	1.2080818139511238
BSU41040	1.1174298952715576
BSU23530	1.2387772507408568
BSU36550	1.508968411247998
BSU36970	1.7776856665577871
BSU12830	1.3165399524919772
BSU22800	0.8232791968531286
BSU24230	1.3797855589095749
BSU25770	1.9878639852271824
BSU25760	1.0729258200133638
BSU23440	2.0057013758908875
BSU23430	0.877220199901543
BSU23420	1.3797855589095749
BSU23410	1.0729258200133638
BSU23390	1.0582150016914458
BSU27670	0.9243023696414893
BSU00530	0.8686408380859889
BSU15170	0.8405954812921335
BSU15210	1.1323873859772056
BSU00490	1.0144588250362492
BSU28110	0.6632389111922614
BSU17420	0.8388178724637306
BSU16980	0.9439406892450861
BSU00560	0.8617408763435617
BSU37910	2.391315538431286
BSU37900	1.8994151614004477
BSU37890	1.4763411220855782
BSU37880	1.0144588250362492
BSU37870	1.6248683985589283
BSU37860	0.9913553388282524
BSU37850	2.83670831798407
BSU37840	1.443933614390437
BSU37830	1.3322658616034606
BSU37820	1.1174298952715576
BSU19320	0.7431188406615263
BSU03480	1.269707882203211
BSU03490	0.8294022312298799
BSU03510	0.7965040212455659
BSU03520	0.8884676142209768
BSU40900	1.1474057494228085
BSU29570	0.598371761166131
BSU09750	0.3868138238612995
BSU13470	0.9644184816253741
BSU08660	0.5166412776379227
BSU00450	1.0435666707863618
BSU08850	0.5360717102930311
BSU16090	1.1323873859772056
BSU16100	0.8349931005331248
BSU00770	0.6979804655007509
BSU21480	1.2080818139511238
BSU21470	0.7608316733346154
BSU35750	1.5253638945937036
BSU35760	1.411747779924906
BSU35770	1.3797855589095749
BSU35740	1.0876987925256831
BSU35530	1.0729258200133638
BSU16990	1.0435666707863618
BSU37060	0.7689372625227243
BSU11650	0.7824157735476196
BSU11660	0.8136467778510917
BSU40780	0.6661662633021184
BSU31270	1.6584624363872555
BSU27710	1.0144588250362492
BSU41020	0.9844562162250902
BSU38020	1.1025335922106547
BSU38300	1.1323873859772056
BSU32240	0.74404096364655
BSU32250	0.9497574317415297
BSU37560	1.8818742373630444
BSU17680	0.8078300005145855
BSU21820	1.0729258200133638
BSU28230	1.0876987925256831
BSU17890	1.3322658616034606
BSU18030	0.8319916893273995
BSU31250	0.8343106708270687
BSU31230	0.9520303523294615
BSU03440	0.8053988761172606
BSU00280	0.6628573747359796
BSU03140	0.8287212068097024
BSU13310	0.845387085640964
BSU16120	0.8150013502452571
BSU04260	1.3797855589095749
BSU33920	1.0144588250362492
BSU07800	0.537859840111765
BSU07820	1.6584624363872555
BSU16030	1.0289811644797733
BSU22630	1.300871475965767
BSU22640	0.7724001053768227
BSU22660	0.6448753052950685
BSU22670	0.9560119710407335
BSU22680	0.6269207900427431
BSU22650	0.7047086958044146
BSU11420	0.6379513203118631
BSU01480	0.8918086146412246
BSU16660	1.0876987925256831
BSU28500	1.0729258200133638
BSU34790	1.2080818139511238
BSU16500	1.0729258200133638
BSU35600	1.16248467663122
BSU35590	1.5748749825997468
BSU35580	1.1474057494228085
BSU35570	0.8071544622431204
BSU35560	0.6749720084043931
BSU35550	0.7983882747716291
BSU35540	0.8386811806149435
BSU01130	1.443933614390437
BSU22610	1.2542133082277942
BSU29670	0.73641111650084
BSU38460	1.16248467663122
BSU27330	1.0144588250362492
BSU37970	0.8660168632796458
BSU36890	1.0729258200133638
BSU36660	0.8565082123480556
BSU36650	0.7911279753370599
BSU36640	1.1323873859772056
BSU36430	0.8369048163259138
BSU35160	1.0582150016914458
BSU35170	1.1025335922106547
BSU28490	0.7750670773149617
BSU21500	2.077537383395981
BSU28090	1.0
BSU00440	1.0144588250362492
BSU38090	0.7884441458834083
BSU39230	0.7858971016925994
BSU10770	1.2387772507408568
BSU12790	0.8325371537452204
BSU12800	0.8415531334414869
BSU12590	0.7973113906868371
BSU12630	1.1174298952715576
BSU12650	1.223399991648671
BSU12680	0.8985021454035945
BSU12720	1.16248467663122
BSU12750	1.2542133082277942
BSU12760	1.0582150016914458
BSU12770	0.5641732876886882
BSU12780	1.0289811644797733
BSU12810	1.2387772507408568
BSU12460	1.1025335922106547
BSU00250	1.0289811644797733
BSU22070	0.667822602389083
BSU28510	1.0435666707863618
BSU12580	0.9727044852338693
BSU17600	1.5253638945937036
BSU17610	0.8588479318050345
BSU17590	0.9715602952639579
BSU18840	1.192823007582393
BSU17580	0.8552703304958011
BSU18160	0.8610518092670503
BSU00030	0.8673975986765716
BSU00050	0.7373306789440256
BSU00080	0.7164003867096581
BSU00110	0.5876797742784905
BSU00120	0.6436146941117508
BSU00150	1.2387772507408568
BSU00160	0.5824171234521653
BSU00170	0.7680057752545835
BSU00180	0.738382038485976
BSU00200	0.8223279767708579
BSU00220	0.6717774230650659
BSU00260	1.0289811644797733
BSU00270	1.0729258200133638
BSU00290	0.7538105511248357
BSU00300	0.7869692332808532
BSU00320	0.9008764510743428
BSU00330	0.992938468612885
BSU00340	0.6572692507217627
BSU00360	0.6902417848120235
BSU00390	1.2852606959547999
BSU00400	0.9005970209233952
BSU00410	0.8556828969169141
BSU00430	0.6524548438549843
BSU00460	0.7458862629018768
BSU00480	0.7160097133372734
BSU00540	0.6007146495252302
BSU00570	1.2852606959547999
BSU00580	0.9036722117193249
BSU00590	1.192823007582393
BSU00600	1.3638889225164361
BSU00610	1.192823007582393
BSU00650	0.749581066136146
BSU00670	1.3165399524919772
BSU00700	0.9120754208743369
BSU00710	1.16248467663122
BSU00720	0.8285850226425224
BSU00810	1.3322658616034606
BSU00840	1.2852606959547999
BSU00850	0.7625568827158128
BSU00880	1.0435666707863618
BSU00890	1.1174298952715576
BSU00900	0.7912622403553441
BSU00910	0.9883351530725479
BSU00960	0.6426067494562693
BSU00970	0.7126266202476994
BSU00350	0.7171819291193962
BSU00800	0.9612812105276664
BSU00950	0.7450952488272196
BSU01140	0.7305080609595807
BSU01460	0.8056688902668445
BSU01470	0.8929231366414618
BSU01510	0.875696167467018
BSU01520	0.7237049393490026
BSU01540	0.8412794838249237
BSU01570	0.8653267488867135
BSU01580	0.8676738272504597
BSU01590	0.9425236359908893
BSU01670	0.628546580459268
BSU01740	1.4763411220855782
BSU01750	1.42781286726847
BSU01760	1.4601097775553284
BSU01770	1.2852606959547999
BSU01790	0.671905117247535
BSU01845	1.9170059330024374
BSU01860	1.8818742373630444
BSU01870	1.7604987964997776
BSU01880	2.131920564644591
BSU01890	0.978574937520731
BSU01900	0.8801319725035854
BSU01910	0.6997899628745561
BSU01970	0.7790728197360989
BSU01990	1.5583174024600557
BSU02010	0.8093167935380895
BSU02040	1.0876987925256831
BSU02050	1.0
BSU02100	1.8469426548332482
BSU02160	0.5919740349155239
BSU02170	0.36163312822286353
BSU02180	0.4366877177627774
BSU02190	0.8230073858862119
BSU02200	0.9544471553950806
BSU02210	0.6511897008935709
BSU02220	0.7001778995591784
BSU02250	0.7573848532984949
BSU02260	0.9205024543407107
BSU02280	0.761362379419732
BSU02300	0.6744605620145168
BSU02310	0.8221921163881908
BSU02320	0.7057455642682956
BSU02350	0.9447912352245756
BSU02360	0.8891633389438262
BSU02370	0.911794929679207
BSU02380	0.9671304663147675
BSU02390	1.0729258200133638
BSU02400	0.9212057796597319
BSU02410	0.7390393720378619
BSU02430	0.7786719598287152
BSU01450	0.7899199055821196
BSU01060	0.8813807809072853
BSU01090	1.2080818139511238
BSU02060	0.9281070845677507
BSU02110	5.5983170399892845
BSU02440	0.6872823186476886
BSU02450	0.7102873610188877
BSU02470	0.6770189820394052
BSU02480	0.5322631468483641
BSU02490	0.8438802519737572
BSU02500	0.6031838804725451
BSU02510	0.9010161761350007
BSU02520	0.8538955512511464
BSU02540	0.583639698600395
BSU02550	0.7101574712824495
BSU02570	0.44083336283292773
BSU02580	0.5676865188777277
BSU02590	1.7604987964997776
BSU02610	0.9810122041247673
BSU02640	0.8481288940841307
BSU02660	0.9845997968357241
BSU02690	1.6584624363872555
BSU02720	0.9965393718244072
BSU02730	0.7039313505515016
BSU02740	1.1174298952715576
BSU02780	0.7470732669992813
BSU02790	0.8445650743856814
BSU02800	0.7580473297391219
BSU02810	1.1025335922106547
BSU02830	2.6986952919077516
BSU02840	1.692266596981353
BSU02850	1.492627410783256
BSU02860	1.2080818139511238
BSU02870	1.0582150016914458
BSU02890	0.9423819664860739
BSU02900	1.1174298952715576
BSU02910	1.1174298952715576
BSU02920	1.192823007582393
BSU02930	1.0435666707863618
BSU02940	0.979148244012854
BSU02950	1.300871475965767
BSU02960	0.9399745871785252
BSU03090	0.860362911182606
BSU03120	0.8392279868635846
BSU03220	0.7130167261550557
BSU03340	0.9261336706500316
BSU03350	0.9095519530550834
BSU03360	1.5748749825997468
BSU03370	0.7157493007153921
BSU03380	0.7606990141173741
BSU03390	0.7717338039156477
BSU03400	0.4984808861716987
BSU03410	0.7970422398812494
BSU03450	0.7050974667615616
BSU03460	0.7307701090484428
BSU03470	0.7135369688662614
BSU03590	0.6082555079224187
BSU03600	0.9687016298873603
BSU03630	0.42809895022783956
BSU03640	0.5589763513495597
BSU03660	0.5407246454482325
BSU03670	0.3746920876120235
BSU03680	0.8404587006378684
BSU03730	0.9200805384289595
BSU03740	0.7553984889777471
BSU03750	0.5768034215943226
BSU03760	0.7587099850418371
BSU03790	0.8206980995453492
BSU03800	0.6539740095917617
BSU03810	0.49603582898958265
BSU03820	0.4595797890782647
BSU03830	0.49952989641597234
BSU03840	0.7792064530913712
BSU03850	0.6863823863840693
BSU03860	0.6879253485158948
BSU03870	0.8552703304958011
BSU03890	0.6059036214940231
BSU03900	0.9470605046226308
BSU03910	1.0729258200133638
BSU03940	0.5769252813037914
BSU03950	0.6305493269388381
BSU03960	0.45798953613305715
BSU03970	1.5583174024600557
BSU04000	0.8938986930193338
BSU04030	0.8700228554903611
BSU04040	1.1776238619594184
BSU04050	0.45447428846450383
BSU04070	0.4989470295857653
BSU04080	0.5765597263450579
BSU04150	1.1174298952715576
BSU04100	0.4148187799254965
BSU03530	0.6144580218516666
BSU03540	0.6543539702680063
BSU03550	0.5807068398757019
BSU03560	0.6979804655007509
BSU02530	0.5603043946803609
BSU02630	0.5338093709475058
BSU02710	0.7725333867888612
BSU03690	0.4496120846922419
BSU03880	0.7603010809555798
BSU04020	0.6330555063028965
BSU04120	0.8470318438431662
BSU04130	0.6684599917664826
BSU04160	1.0
BSU04170	1.0
BSU04180	1.0289811644797733
BSU04220	2.041522422371882
BSU04320	1.0729258200133638
BSU04360	0.5347615769385571
BSU04370	2.297627895625568
BSU04390	0.8009476594950783
BSU04410	1.0582150016914458
BSU04420	0.9196586816338448
BSU04430	1.269707882203211
BSU04440	0.9684159050530288
BSU04450	0.51123095405562
BSU04460	0.6500517174174409
BSU04470	0.990492140258702
BSU04480	0.7712008889518023
BSU04490	1.1474057494228085
BSU04500	0.7798747274736543
BSU04510	0.9265564369246863
BSU04520	0.885408412831067
BSU04550	0.9010161761350007
BSU04580	1.0582150016914458
BSU04590	1.2542133082277942
BSU04600	1.0729258200133638
BSU04610	0.7449634382361057
BSU04620	0.684069938033246
BSU04630	1.0876987925256831
BSU04650	0.8168989140418925
BSU04660	1.1025335922106547
BSU04750	1.3638889225164361
BSU04760	0.8254546809819503
BSU04770	1.0876987925256831
BSU04780	0.9389838622723415
BSU04800	1.1474057494228085
BSU04810	1.1776238619594184
BSU04820	1.0582150016914458
BSU04840	0.6398374047397645
BSU04850	0.627045804868992
BSU04860	0.8815195705258663
BSU04870	1.0729258200133638
BSU04880	0.9687016298873603
BSU04890	0.8829078402526755
BSU04910	1.1025335922106547
BSU04920	0.7141874364910255
BSU04930	1.443933614390437
BSU04940	0.6848404880483319
BSU04950	2.9165147598268475
BSU04990	1.1323873859772056
BSU05030	0.8159499627969184
BSU05040	0.8310373901294216
BSU05080	1.7433632589376395
BSU05100	1.8295523583368063
BSU05110	1.1025335922106547
BSU05130	0.9940903222490375
BSU05170	0.878051832808601
BSU05190	0.9422403041418133
BSU05210	1.0144588250362492
BSU05220	0.9060506974992768
BSU05280	0.6697353303299901
BSU05340	0.9998557334074258
BSU05390	0.8170345060064439
BSU05410	3.4514238636442065
BSU05460	1.3322658616034606
BSU05470	1.411747779924906
BSU05480	0.6102382111268293
BSU05490	0.6390827658309585
BSU05500	0.6716497363593693
BSU05510	0.8091815963216531
BSU05530	1.0144588250362492
BSU05540	1.3957385950825656
BSU05550	1.443933614390437
BSU05560	0.9054908813518388
BSU05570	1.1776238619594184
BSU05580	0.8748652198029243
BSU05590	0.9668448839127766
BSU05600	1.0
BSU05620	0.7768021206707958
BSU05640	0.9154433797857071
BSU05650	0.8418268097750341
BSU05670	0.9943783499457218
BSU05680	1.2542133082277942
BSU05710	1.6081506963480425
BSU05720	0.7678727336187814
BSU05730	1.0435666707863618
BSU05750	1.2542133082277942
BSU05760	0.9129170535065777
BSU05770	1.1474057494228085
BSU05780	0.7962349534821688
BSU05790	1.5914861528325137
BSU05800	1.6248683985589283
BSU05810	0.21854366622272448
BSU05820	0.17208844176743782
BSU05830	0.4535684775140774
BSU05840	0.4585572896168289
BSU05850	0.7306390812929017
BSU05860	0.7896515229726335
BSU05870	1.42781286726847
BSU05880	1.1174298952715576
BSU05890	1.864383342561946
BSU05900	0.933752505754271
BSU05910	0.8673975986765716
BSU05920	0.7640176117901222
BSU05930	0.8187978303425427
BSU05940	0.8485404008535173
BSU05950	1.0289811644797733
BSU05960	0.9206431058937928
BSU05970	0.8894416755081732
BSU05980	0.8538955512511464
BSU05990	1.1025335922106547
BSU06000	0.8486775827397876
BSU06010	0.6780431818673704
BSU06050	0.5820505042230831
BSU06060	0.9767124007783101
BSU06070	0.8751421759710672
BSU06090	0.7493169655518387
BSU06100	0.8554078459267339
BSU06110	0.8047239625766162
BSU06120	0.6242972436681687
BSU06130	0.9199399130262105
BSU06160	0.6395858279145002
BSU06170	1.3322658616034606
BSU06180	0.808776044730692
BSU06190	0.870714116902026
BSU06200	0.8646368031295153
BSU06210	1.1025335922106547
BSU06220	1.0729258200133638
BSU06230	0.8470318438431662
BSU06240	1.1025335922106547
BSU06270	1.6416390492129653
BSU06280	0.7255346272421345
BSU05140	0.9355895281423935
BSU05520	0.6171932376810064
BSU06290	0.7306390812929017
BSU06320	0.5644153643078857
BSU06370	1.0435666707863618
BSU06380	1.3797855589095749
BSU06400	1.6416390492129653
BSU06410	1.1323873859772056
BSU06550	0.49638489708685324
BSU06770	0.9507516288013551
BSU06780	1.1174298952715576
BSU06790	0.7881759170913023
BSU06820	0.8035095567288046
BSU06850	1.16248467663122
BSU06730	1.0729258200133638
BSU06740	1.5748749825997468
BSU06750	0.6537207398527877
BSU06560	0.8047239625766162
BSU06570	1.2852606959547999
BSU06580	1.300871475965767
BSU06590	1.508968411247998
BSU06600	0.8773587879544791
BSU06610	0.7656121125335164
BSU06620	1.1776238619594184
BSU06630	1.0144588250362492
BSU06640	1.0144588250362492
BSU06670	0.8408690614559503
BSU06680	0.7825495835627051
BSU06690	1.3957385950825656
BSU06700	0.8496380497585088
BSU06710	0.7291982515100234
BSU06720	1.2387772507408568
BSU06870	1.2542133082277942
BSU06880	1.5583174024600557
BSU06920	0.8905552886335673
BSU06930	0.6509367628311737
BSU06940	0.9409656319169757
BSU06950	0.5829060592365586
BSU06960	0.7765351136528745
BSU06970	1.0435666707863618
BSU06980	1.2387772507408568
BSU06990	1.5418136325895337
BSU07000	1.0435666707863618
BSU07010	0.4127278933643591
BSU07020	1.223399991648671
BSU07040	0.7553984889777471
BSU07070	0.8543079141219826
BSU07080	1.0435666707863618
BSU07150	0.6164468996758231
BSU07160	0.8848525429430489
BSU07170	0.8500497804307525
BSU07200	0.6884399060832674
BSU07210	1.0435666707863618
BSU07230	0.9884789079792212
BSU07250	0.9333287352658143
BSU06460	0.596524098158706
BSU06800	0.5736378494971535
BSU07180	0.7648147349660775
BSU06540	0.332854103045745
BSU07190	0.7421970678375478
BSU08590	1.508968411247998
BSU08610	0.8224638447989697
BSU08630	0.7900541077845051
BSU08650	0.8908337589299922
BSU08640	0.8987813758624206
BSU08190	1.1174298952715576
BSU08220	1.0876987925256831
BSU08240	0.9858923133631502
BSU08270	1.192823007582393
BSU08290	1.0729258200133638
BSU08310	1.0
BSU08330	0.8006781323036883
BSU08360	0.7408808587694148
BSU08370	0.9668448839127766
BSU08160	0.9255700750051852
BSU08150	0.7608316733346154
BSU08140	0.578510172634992
BSU08130	0.464588720878166
BSU08120	0.8987813758624206
BSU08050	1.2387772507408568
BSU08040	0.7714673324336776
BSU08030	1.0876987925256831
BSU08020	0.9634199192581708
BSU08010	1.5418136325895337
BSU08000	2.023587576276168
BSU07990	0.8024305570445545
BSU07980	0.8059389312708941
BSU08110	0.4319964449734552
BSU07955	0.8067492231405147
BSU07940	0.9470605046226308
BSU07930	2.077537383395981
BSU07920	1.8122126368665468
BSU07900	1.3957385950825656
BSU07890	1.7776856665577871
BSU07880	1.1025335922106547
BSU07870	0.5659896410376843
BSU07860	0.9019944364085595
BSU07850	2.620785610074237
BSU07840	1.0435666707863618
BSU07790	1.7262792485480012
BSU07780	1.2080818139511238
BSU07770	0.6316767299129591
BSU07760	2.260476041646887
BSU07750	2.976813490738509
BSU07735	0.5166412776379227
BSU07710	0.782683400025845
BSU07700	0.6981096673597726
BSU07690	0.8972459390147938
BSU07680	0.9614237454525545
BSU07670	0.4269873732644449
BSU07660	0.33770297028401336
BSU07650	0.9701306391665898
BSU07640	0.5775346970033042
BSU07630	0.9581470786699059
BSU07600	0.528107085707426
BSU07530	0.5869445793408126
BSU07520	0.4332236082477866
BSU07500	1.3165399524919772
BSU07480	0.6986265491273955
BSU07440	1.1174298952715576
BSU07430	1.192823007582393
BSU07420	1.192823007582393
BSU07400	0.9151625712421428
BSU07390	0.844702058746474
BSU07380	1.16248467663122
BSU07370	0.9017149002433671
BSU07360	1.0289811644797733
BSU07320	0.8693317621049059
BSU07310	1.1025335922106547
BSU07300	1.3638889225164361
BSU07280	1.4601097775553284
BSU07260	1.2542133082277942
BSU08670	0.7741333162558179
BSU08680	0.9487635532488978
BSU08690	0.9800083979671514
BSU08700	0.8899984284891843
BSU08720	0.6757394001507715
BSU08730	0.6916585596791127
BSU08760	1.34804893801963
BSU08780	1.0729258200133638
BSU08800	0.7188761681355998
BSU08830	0.8116162151431163
BSU08870	0.7324741256935885
BSU08890	0.9056308249146818
BSU08840	0.7881759170913023
BSU08860	0.7943522621659438
BSU08750	1.3165399524919772
BSU09390	5.355220636437242
BSU08770	0.5763160625920669
BSU10070	0.7788055727109489
BSU10010	0.7632207447051677
BSU10000	0.8400484014760258
BSU09980	0.7515627279098267
BSU09965	0.6698629056280077
BSU09940	0.49127279492119186
BSU09930	0.6527079625584169
BSU09920	0.9945223732079862
BSU09910	0.7592402361505112
BSU09900	1.1474057494228085
BSU09890	0.9668448839127766
BSU09880	0.8276319253774145
BSU09860	0.7145778044348202
BSU09850	0.921909269914824
BSU09840	0.7917988648051564
BSU09830	0.7630879581378184
BSU09810	0.8609140158400534
BSU08910	0.873480845584926
BSU08920	0.7896515229726335
BSU08940	1.1174298952715576
BSU08950	0.6829146114950206
BSU08960	0.6163225372790603
BSU08980	0.8660168632796458
BSU08990	0.8250466432276414
BSU09000	0.8303559539043421
BSU09020	0.8676738272504597
BSU09030	0.7936802044841305
BSU09050	0.564899613976237
BSU09060	0.6544806386266424
BSU09070	0.5447911024790522
BSU09080	0.639963204019998
BSU09090	0.7465456386747049
BSU09110	1.2080818139511238
BSU09120	0.881797171241546
BSU09130	1.5583174024600557
BSU09140	0.5239610366310963
BSU09150	1.411747779924906
BSU09180	0.8886067458150256
BSU09190	0.9389838622723415
BSU09200	0.5100571121121183
BSU09210	0.809587210403681
BSU09220	0.9007367323690204
BSU09240	2.4101904421029468
BSU09250	2.48614336904787
BSU09320	0.912355938140163
BSU09330	0.7150983966959578
BSU09370	1.0729258200133638
BSU09380	1.0729258200133638
BSU09510	1.2542133082277942
BSU09520	1.2080818139511238
BSU09530	3.139446058918019
BSU09540	1.0729258200133638
BSU09550	1.16248467663122
BSU09560	0.6710114144851012
BSU09570	0.7784047561244202
BSU09590	1.3957385950825656
BSU09630	1.2080818139511238
BSU09640	0.9233167453085899
BSU09650	0.6604425403335232
BSU09800	0.8285850226425224
BSU09790	0.8488147723741368
BSU09780	0.8213770943151618
BSU09770	0.7182243927773949
BSU09730	0.6103621954436009
BSU09720	0.8618787098925302
BSU09710	0.7209630682235828
BSU09700	0.6919162511764423
BSU09690	0.7952934372266265
BSU09680	1.0
BSU09670	0.8292660131006204
BSU09660	1.42781286726847
BSU10080	0.7553984889777471
BSU10170	0.8377245330926362
BSU10180	0.8434694405453101
BSU10200	0.8345836226585702
BSU10210	0.6490406885638687
BSU10230	0.6754835731083011
BSU10240	1.300871475965767
BSU10250	1.3322658616034606
BSU10260	1.0144588250362492
BSU10270	1.0729258200133638
BSU10310	0.6385798254768309
BSU10320	1.2542133082277942
BSU10330	0.527632743945361
BSU10340	0.7381191555719084
BSU10350	0.7674736518094779
BSU10360	0.8811032205228247
BSU10370	0.8166277502516371
BSU10380	1.1025335922106547
BSU10390	0.9435155048266239
BSU10090	0.6297980679750844
BSU10100	1.0289811644797733
BSU10150	1.2542133082277942
BSU10160	1.1025335922106547
BSU10440	1.16248467663122
BSU10450	0.5886604736235367
BSU10460	1.1323873859772056
BSU10480	1.192823007582393
BSU10570	0.7322118905090785
BSU10590	0.674204884045314
BSU09260	1.0876987925256831
BSU09310	0.9544471553950806
BSU10430	1.0876987925256831
BSU08880	0.9985576242252836
BSU08900	0.8128343660388527
BSU10410	1.864383342561946
BSU10650	0.6943657861133425
BSU10680	0.5821727022546095
BSU10750	1.1323873859772056
BSU10760	0.9073106715498445
BSU10780	1.300871475965767
BSU10790	1.1025335922106547
BSU10810	0.850187037998451
BSU10820	0.9268383132431843
BSU10830	0.9057707756134618
BSU10850	1.192823007582393
BSU10860	0.8934805570999471
BSU10870	1.2080818139511238
BSU10880	0.9147253181668746
BSU10890	0.9036722117193249
BSU10900	1.1323873859772056
BSU10910	1.6753383535554418
BSU10920	0.8262709414197963
BSU10930	0.8182551448455675
BSU10940	0.9046513555439832
BSU10950	1.2080818139511238
BSU10960	0.7837541844798569
BSU10970	1.0144588250362492
BSU10980	1.0582150016914458
BSU10990	0.869055372459936
BSU11000	0.6265457910835887
BSU11010	0.5124056241125424
BSU11020	0.7445680488150462
BSU11030	0.8493635964329734
BSU11040	0.6581572989968438
BSU11055	0.8160855066064117
BSU11070	0.8225997196462979
BSU11080	1.0289811644797733
BSU11090	0.3901598913718005
BSU11110	1.0435666707863618
BSU11120	1.2542133082277942
BSU11140	1.1174298952715576
BSU11150	0.9548738456719933
BSU11160	1.4601097775553284
BSU11170	1.2542133082277942
BSU11180	0.5989880380095876
BSU11290	0.6443709702272575
BSU11330	1.0582150016914458
BSU11340	0.9029730219823374
BSU11410	0.760964338945242
BSU11490	0.9091315834592815
BSU11500	0.9757099481593496
BSU11540	1.2387772507408568
BSU11560	0.993370365640072
BSU11600	0.9343176249726289
BSU11670	0.692302842796051
BSU11680	0.8752806632993414
BSU11690	0.7934114297249008
BSU11700	0.8254546809819503
BSU11710	0.8708523894452903
BSU11720	1.5253638945937036
BSU11790	0.594678189343088
BSU11820	0.6563815703624624
BSU11840	1.192823007582393
BSU11850	1.3322658616034606
BSU11860	1.3638889225164361
BSU11870	0.6096184038638748
BSU11880	0.5901324628362071
BSU11890	0.9129170535065777
BSU11900	0.8196120659264295
BSU11910	0.9659882928943927
BSU11920	1.0729258200133638
BSU11940	1.0
BSU11950	0.7943522621659438
BSU11960	1.0289811644797733
BSU11970	1.0144588250362492
BSU11980	1.192823007582393
BSU11990	0.8298109286071452
BSU12000	1.1776238619594184
BSU12010	0.797176811896638
BSU12020	0.7785383542985115
BSU12030	0.7762681347581946
BSU12040	0.8328099267698134
BSU12050	0.5348806393479814
BSU12060	0.6458843396620938
BSU12070	0.6807339647334042
BSU12080	0.590377903923534
BSU12100	1.2852606959547999
BSU12110	0.7652133922007441
BSU12120	0.6881826125842794
BSU12130	1.692266596981353
BSU12140	1.0435666707863618
BSU12150	1.7092469612779397
BSU12160	1.0144588250362492
BSU12170	1.7433632589376395
BSU12180	0.6272958578761478
BSU12190	0.8445650743856814
BSU12200	0.7696028233833198
BSU12210	1.8818742373630444
BSU12220	1.6584624363872555
BSU12230	1.0876987925256831
BSU12240	0.8923658221126666
BSU12250	0.7698690966018328
BSU12260	0.8902768457370507
BSU12270	0.8887458840880207
BSU12280	0.8462093418424644
BSU12290	1.0144588250362492
BSU12300	1.1474057494228085
BSU12310	0.7361484494273332
BSU12320	0.7672076324603488
BSU12330	0.9535939510207003
BSU12340	1.3797855589095749
BSU12350	0.9784316269087773
BSU12360	0.9833078007425953
BSU12380	0.9992787322387338
BSU12390	0.8941774835962659
BSU12400	1.3957385950825656
BSU12410	1.411747779924906
BSU12420	1.6081506963480425
BSU12450	0.8653267488867135
BSU12470	0.8415531334414869
BSU12480	1.0289811644797733
BSU11310	0.7617604833642422
BSU11320	0.8322644076430568
BSU11260	0.7726666757459248
BSU11270	0.8584348978159498
BSU12850	1.192823007582393
BSU12840	1.1174298952715576
BSU12860	0.568899529079302
BSU12870	1.0289811644797733
BSU12880	0.592342560475092
BSU12890	0.9952425865115886
BSU12910	1.2080818139511238
BSU12970	0.8122928964068242
BSU12980	0.7210935606486016
BSU12990	0.718615435911317
BSU13000	0.6013316658549556
BSU13020	1.8122126368665468
BSU13010	1.0876987925256831
BSU13030	0.8582972339249666
BSU13060	1.2387772507408568
BSU13070	0.9828772504624268
BSU13080	0.9319165918728544
BSU13090	1.0582150016914458
BSU13100	0.5282256912792941
BSU13110	1.1174298952715576
BSU13140	0.7080802289375357
BSU13150	0.9585742746429766
BSU13170	0.749581066136146
BSU14250	0.9545893795711907
BSU14330	0.7476010103078679
BSU14340	0.9861796107152332
BSU14350	1.16248467663122
BSU14360	1.2387772507408568
BSU14370	1.0144588250362492
BSU14420	0.6395858279145002
BSU13210	0.5452701233135245
BSU13220	0.5088840978294841
BSU13230	0.6068935487724527
BSU13240	0.690756872429313
BSU13250	0.7657450335677856
BSU13260	0.8691935641192274
BSU13270	0.7139272275755961
BSU13280	0.7592402361505112
BSU13300	1.1174298952715576
BSU13330	0.7135369688662614
BSU13340	0.5161701215040546
BSU13350	0.6794522317357554
BSU13360	1.0289811644797733
BSU13370	1.0582150016914458
BSU13380	1.1776238619594184
BSU13390	0.9739921918040702
BSU13400	0.7936802044841305
BSU13410	0.8518346549042943
BSU13420	1.1323873859772056
BSU13430	1.0435666707863618
BSU13440	1.0435666707863618
BSU13450	1.2080818139511238
BSU14430	0.8060739631426918
BSU14440	1.0876987925256831
BSU14460	0.46755636391343336
BSU14500	1.1323873859772056
BSU14510	0.8315826629824907
BSU14530	1.192823007582393
BSU14550	0.8022957135010841
BSU14560	0.8081002640408473
BSU13460	0.8460722822617464
BSU13490	1.0435666707863618
BSU13520	0.8423742441505241
BSU13530	0.815543373456528
BSU13550	1.3165399524919772
BSU13560	1.2080818139511238
BSU13570	1.0582150016914458
BSU13580	0.7828172229325211
BSU13590	1.0144588250362492
BSU13600	0.9217685595013172
BSU13610	0.7824157735476196
BSU13620	0.877081617952579
BSU14640	0.6711390644035377
BSU13980	1.2542133082277942
BSU14030	1.192823007582393
BSU14040	0.624796706348403
BSU14050	1.4763411220855782
BSU14060	0.9175502877670799
BSU14080	1.1174298952715576
BSU14090	1.192823007582393
BSU14100	0.9961070522446405
BSU14110	1.0435666707863618
BSU14130	1.0144588250362492
BSU14140	0.9038120694302683
BSU14150	0.5497071852391621
BSU14160	0.3938399222292861
BSU14170	0.6519486961747497
BSU14180	1.0289811644797733
BSU14190	0.8774973838623568
BSU14200	0.719006544555509
BSU14210	0.6552408087276558
BSU14220	1.6753383535554418
BSU14230	1.269707882203211
BSU14240	0.5948011951900232
BSU13630	0.6956560818818419
BSU13660	1.0289811644797733
BSU13670	1.2542133082277942
BSU13730	0.9639904876531463
BSU13740	1.0435666707863618
BSU13750	1.0729258200133638
BSU13760	0.5349997100761584
BSU13770	0.8363584749649315
BSU13780	1.6753383535554418
BSU13790	2.4670874134096357
BSU13800	0.684326758037951
BSU13810	1.300871475965767
BSU13820	1.0435666707863618
BSU13840	1.443933614390437
BSU13850	0.8593987389528088
BSU13860	1.1323873859772056
BSU13870	1.2852606959547999
BSU13940	0.8763888086720428
BSU13960	0.7436457254700913
BSU13970	1.269707882203211
BSU14570	1.2387772507408568
BSU14020	1.34804893801963
BSU13160	4.485285064398136
BSU13320	0.7785383542985115
BSU13290	0.8039142964019264
BSU13510	0.562116921136433
BSU14120	1.0
BSU14540	0.989772984237308
BSU13050	0.9331874913169278
BSU14730	1.3797855589095749
BSU14760	1.16248467663122
BSU14770	1.5583174024600557
BSU14780	1.0582150016914458
BSU14820	0.9305051046437951
BSU14830	1.6081506963480425
BSU14840	1.2080818139511238
BSU14850	0.8961297636420917
BSU14940	1.0144588250362492
BSU14950	0.9203618086295648
BSU14960	1.443933614390437
BSU14970	1.0435666707863618
BSU14980	0.8414163055019481
BSU14990	1.1776238619594184
BSU15000	1.16248467663122
BSU15010	1.0
BSU15020	1.34804893801963
BSU15030	0.9160050767682028
BSU15040	1.3322658616034606
BSU15050	1.1474057494228085
BSU15060	1.2542133082277942
BSU15070	1.0729258200133638
BSU15090	0.7303770473225359
BSU15100	1.0
BSU15110	1.1025335922106547
BSU15120	1.16248467663122
BSU15130	1.223399991648671
BSU15340	0.9581470786699059
BSU15350	0.6203059580120146
BSU15360	0.6622216297050881
BSU15370	0.9966834918033106
BSU15380	1.1174298952715576
BSU15390	1.0289811644797733
BSU15400	1.1025335922106547
BSU15410	1.1174298952715576
BSU15580	1.4763411220855782
BSU15590	1.1474057494228085
BSU15600	1.508968411247998
BSU15610	1.5253638945937036
BSU15620	1.300871475965767
BSU15630	1.411747779924906
BSU15640	0.9543049390486671
BSU15650	0.6287968169389143
BSU15660	1.2080818139511238
BSU15680	1.300871475965767
BSU15690	1.3638889225164361
BSU15700	1.42781286726847
BSU15740	1.223399991648671
BSU15750	0.9489055159740325
BSU15760	0.9748509533780979
BSU15770	1.269707882203211
BSU15780	1.16248467663122
BSU15790	0.9834513299067974
BSU15800	1.0144588250362492
BSU15830	1.8122126368665468
BSU15840	1.2852606959547999
BSU15850	0.942948683665126
BSU15860	0.8593987389528088
BSU15870	0.8193406266813433
BSU15880	1.1474057494228085
BSU15960	0.8001391611536061
BSU16000	1.2387772507408568
BSU16010	1.2852606959547999
BSU16050	0.8792997349765408
BSU16080	0.7725333867888612
BSU16530	1.1323873859772056
BSU16550	1.0876987925256831
BSU16560	0.960568631880377
BSU15140	1.2080818139511238
BSU16260	0.8526588294267885
BSU16280	0.7753339300081055
BSU16410	0.674204884045314
BSU16480	0.7483928397787728
BSU15970	1.492627410783256
BSU16640	0.9197992934801046
BSU16620	0.9274021460290608
BSU16610	1.1174298952715576
BSU16590	1.1025335922106547
BSU15250	0.9920748469391653
BSU15260	1.1323873859772056
BSU16700	0.7472051923612801
BSU15440	0.8317189979977802
BSU15460	1.0435666707863618
BSU17370	0.5049020565210963
BSU17400	0.5664743038675231
BSU17270	1.3322658616034606
BSU17280	1.16248467663122
BSU17250	0.7773362197171729
BSU17320	0.8186621487715239
BSU17310	0.7343105824587479
BSU17340	0.8261348806723069
BSU17020	1.223399991648671
BSU17010	1.2542133082277942
BSU17070	0.7538105511248357
BSU16960	1.0582150016914458
BSU16970	0.8591233217356327
BSU16780	1.2080818139511238
BSU16790	1.9523363156428246
BSU16810	1.34804893801963
BSU16845	0.9755667664012072
BSU16860	1.4601097775553284
BSU16870	1.2852606959547999
BSU16910	1.6416390492129653
BSU16710	0.9922187677547867
BSU17360	0.5237244226364136
BSU17240	0.9248657288556916
BSU17350	0.6259209455002808
BSU17500	1.0289811644797733
BSU17510	1.223399991648671
BSU17520	1.0
BSU17530	0.9704165186312613
BSU17540	0.866845224146632
BSU17550	0.47971499876211277
BSU17560	0.9889102091657513
BSU17570	0.4743120891592306
BSU17430	1.0
BSU17440	0.8899984284891843
BSU17620	1.300871475965767
BSU17630	0.7238355842235219
BSU17640	1.16248467663122
BSU17650	0.8755576599264713
BSU17660	0.9042316829288477
BSU17690	1.0144588250362492
BSU17730	1.269707882203211
BSU17760	1.0876987925256831
BSU17770	1.0876987925256831
BSU17790	1.1323873859772056
BSU17800	0.8217845745748494
BSU17840	1.0289811644797733
BSU17870	0.9857486753740928
BSU17910	1.7776856665577871
BSU17940	1.34804893801963
BSU17950	1.0582150016914458
BSU17960	1.223399991648671
BSU18010	1.192823007582393
BSU18040	1.0729258200133638
BSU18050	1.1323873859772056
BSU18060	0.860362911182606
BSU18070	1.0435666707863618
BSU18080	1.8469426548332482
BSU18110	1.42781286726847
BSU18140	1.0876987925256831
BSU18150	1.3322658616034606
BSU18170	1.3957385950825656
BSU18180	0.9131976506375787
BSU18190	1.1025335922106547
BSU18200	1.2852606959547999
BSU18210	0.7165306258090273
BSU18220	1.7776856665577871
BSU18230	1.1474057494228085
BSU18240	1.3638889225164361
BSU18250	0.8754191585359081
BSU18260	1.2387772507408568
BSU18280	0.9464930303146182
BSU18290	0.9453583953958675
BSU17470	0.70561593000973
BSU17710	0.725665373105812
BSU17920	0.9310696206464237
BSU18270	0.8183908056097671
BSU17480	0.6279211234525994
BSU17490	0.48375061902534894
BSU17670	0.9289532280417926
BSU18530	1.4763411220855782
BSU18540	0.582294909054331
BSU18550	0.49976310191840656
BSU18560	0.5260920381919383
BSU18570	0.6339333900988346
BSU18580	0.5623587272516595
BSU18590	0.9575775739776681
BSU18610	1.0729258200133638
BSU18620	0.831446334517697
BSU18630	0.8662929570841678
BSU18640	1.0729258200133638
BSU18660	1.16248467663122
BSU18670	0.9978366763648229
BSU18680	0.7858971016925994
BSU18690	1.6753383535554418
BSU18700	0.876804474136272
BSU18720	1.4601097775553284
BSU18730	1.1474057494228085
BSU18750	2.1867328158910104
BSU18890	0.9883351530725479
BSU18980	1.192823007582393
BSU18990	1.1474057494228085
BSU19000	1.0289811644797733
BSU19010	0.7676066718919748
BSU19020	0.6188112525367696
BSU19030	0.8556828969169141
BSU19050	0.8591233217356327
BSU19060	1.0144588250362492
BSU19070	1.0289811644797733
BSU19080	0.91109381753538
BSU19090	0.8840189384393939
BSU19100	1.6081506963480425
BSU19110	0.9391253749859373
BSU19130	1.1474057494228085
BSU19150	3.815750561628476
BSU19160	1.3165399524919772
BSU19170	1.3957385950825656
BSU19180	1.7262792485480012
BSU19190	1.411747779924906
BSU19200	1.2852606959547999
BSU19210	1.2542133082277942
BSU19230	1.0144588250362492
BSU19240	1.0
BSU19250	0.9038120694302683
BSU19260	0.7063938449463175
BSU19280	0.560908370635574
BSU19340	0.8829078402526755
BSU19350	1.0876987925256831
BSU19530	1.0289811644797733
BSU19540	0.7153587370305072
BSU19550	0.950183477333751
BSU19560	0.9654173616739093
BSU19570	0.9129170535065777
BSU19580	0.4428545041291556
BSU19600	1.5583174024600557
BSU19610	0.7770691565549007
BSU19620	1.3165399524919772
BSU19640	0.9394084193061828
BSU19650	1.0
BSU19670	2.353702680711016
BSU19690	1.5583174024600557
BSU19700	2.353702680711016
BSU19720	1.5253638945937036
BSU19730	1.411747779924906
BSU19740	0.6214277132081689
BSU18370	1.0435666707863618
BSU18380	1.0435666707863618
BSU18390	0.5410830742960534
BSU18400	0.6634933067850118
BSU18420	0.5906233762170775
BSU18430	0.5220690427715359
BSU19520	1.1776238619594184
BSU19510	0.7656121125335164
BSU19480	1.1025335922106547
BSU19470	1.0144588250362492
BSU19460	0.7931426833262615
BSU19450	1.0144588250362492
BSU19440	1.16248467663122
BSU19430	1.864383342561946
BSU19420	1.6753383535554418
BSU19410	1.3165399524919772
BSU19400	1.4763411220855782
BSU19390	1.0876987925256831
BSU19380	1.0435666707863618
BSU21660	0.7328675332860309
BSU21650	1.0289811644797733
BSU21640	1.2080818139511238
BSU21630	0.8277680613335147
BSU21620	1.1323873859772056
BSU21610	1.1776238619594184
BSU21600	0.831446334517697
BSU21590	0.7652133922007441
BSU21580	1.0289811644797733
BSU21570	0.9714173008565408
BSU21560	0.8425111200249952
BSU21550	0.9071706480266908
BSU21540	0.8317189979977802
BSU21530	0.9088513704768785
BSU21520	1.5583174024600557
BSU21510	2.0956171723557393
BSU21490	1.508968411247998
BSU21460	1.1174298952715576
BSU21450	0.6879253485158948
BSU21440	0.8856863888145449
BSU21430	0.7370679108929277
BSU21420	0.9719893182857837
BSU21410	1.1323873859772056
BSU21400	2.6596529118157495
BSU21390	0.946776754775853
BSU21380	1.5583174024600557
BSU21370	0.877081617952579
BSU21360	1.8469426548332482
BSU21340	1.0289811644797733
BSU21330	1.269707882203211
BSU21320	2.1137449518834854
BSU21300	1.8295523583368063
BSU21290	1.0144588250362492
BSU21280	1.492627410783256
BSU21270	0.8468947433542409
BSU21260	1.0876987925256831
BSU21250	2.0057013758908875
BSU21240	1.3165399524919772
BSU21220	1.7262792485480012
BSU21210	1.3957385950825656
BSU21200	1.1174298952715576
BSU21190	0.8569209620073116
BSU21180	1.0435666707863618
BSU21170	1.1174298952715576
BSU21160	1.508968411247998
BSU21150	1.8295523583368063
BSU21140	1.692266596981353
BSU21120	1.7433632589376395
BSU21110	1.4601097775553284
BSU21100	3.32554596623553
BSU21090	0.9587166871807771
BSU21080	0.870714116902026
BSU21070	0.6127193721956448
BSU21060	0.7137971340459873
BSU21050	1.0729258200133638
BSU21040	0.6379513203118631
BSU21030	0.7199193860931209
BSU21020	1.300871475965767
BSU21010	0.8804094382289731
BSU20990	0.6632389111922614
BSU20980	0.661967384093374
BSU20970	0.8743113894013071
BSU20960	1.0876987925256831
BSU20940	1.0582150016914458
BSU20900	0.8393647057202042
BSU20880	0.9818728594875876
BSU20860	0.6482827345754187
BSU20850	0.7833525875210613
BSU20800	1.0729258200133638
BSU20790	0.7041904365086662
BSU20780	1.0582150016914458
BSU20770	0.5835174056301968
BSU20760	0.8257267403631484
BSU20750	1.0729258200133638
BSU20740	1.4601097775553284
BSU20730	0.9124962072248923
BSU20720	1.0
BSU20710	0.9411072362562005
BSU20700	1.6248683985589283
BSU20690	3.600080887645279
BSU20680	1.3322658616034606
BSU20670	2.297627895625568
BSU20660	0.7456225633983801
BSU20650	0.6912720782869697
BSU20640	0.5768034215943226
BSU20630	1.8818742373630444
BSU20620	0.8973854913491691
BSU20600	0.9848869775476954
BSU20590	1.42781286726847
BSU20580	1.1025335922106547
BSU20570	0.9096920894233984
BSU20560	1.16248467663122
BSU20550	1.4601097775553284
BSU20540	2.023587576276168
BSU20530	1.3638889225164361
BSU20520	0.9787182544425768
BSU20510	1.2542133082277942
BSU20500	2.316273367333991
BSU20480	0.8543079141219826
BSU20470	1.9878639852271824
BSU20460	1.492627410783256
BSU20450	1.4601097775553284
BSU20440	0.6281712836728641
BSU20430	1.6584624363872555
BSU20420	1.0435666707863618
BSU20410	0.845387085640964
BSU20400	0.8303559539043421
BSU20390	0.7712008889518023
BSU20380	1.0435666707863618
BSU20370	1.1776238619594184
BSU20360	2.2790287377705636
BSU20350	1.6753383535554418
BSU20330	2.7773013727134
BSU20320	1.3797855589095749
BSU20310	0.8336284120588388
BSU20300	0.8477174495481581
BSU20290	1.223399991648671
BSU20280	2.023587576276168
BSU20270	1.1323873859772056
BSU20260	0.7701353987965361
BSU20240	0.8802707019162572
BSU20230	1.3165399524919772
BSU20220	1.3322658616034606
BSU20210	1.0144588250362492
BSU20200	0.8287212068097024
BSU20190	0.5164056830182538
BSU20180	0.815136845701654
BSU20170	1.492627410783256
BSU20160	1.5418136325895337
BSU20150	1.16248467663122
BSU20140	0.7445680488150462
BSU20130	1.1025335922106547
BSU20120	1.1174298952715576
BSU20110	0.8434694405453101
BSU20100	0.9303639921491521
BSU20090	1.42781286726847
BSU20080	1.300871475965767
BSU20070	1.192823007582393
BSU20060	0.6668031673778688
BSU20040	0.6716497363593693
BSU20050	2.20509818885424
BSU19980	0.8108044256862786
BSU19840	0.9854614168430177
BSU18360	0.9430903789505751
BSU18520	1.6584624363872555
BSU18510	1.6081506963480425
BSU18500	1.3322658616034606
BSU19120	0.6231739011957402
BSU19140	0.5972629525675455
BSU19300	1.2852606959547999
BSU19680	0.8384078184646925
BSU18710	1.1474057494228085
BSU18740	1.0582150016914458
BSU19270	0.8514226582589918
BSU19290	0.6749720084043931
BSU21310	1.0876987925256831
BSU23050	0.9614237454525545
BSU23010	1.1323873859772056
BSU23000	1.16248467663122
BSU22980	0.8870766673197148
BSU22970	1.6584624363872555
BSU22040	0.9167073464764444
BSU22030	1.2387772507408568
BSU22020	0.8280403540575461
BSU22960	1.7092469612779397
BSU22010	1.8469426548332482
BSU22950	1.1025335922106547
BSU22940	1.508968411247998
BSU22910	1.300871475965767
BSU22880	2.20509818885424
BSU21920	1.5253638945937036
BSU22870	1.8994151614004477
BSU21890	0.939549951845222
BSU21880	1.0876987925256831
BSU22840	1.1025335922106547
BSU22820	1.0144588250362492
BSU22810	1.411747779924906
BSU21860	1.4601097775553284
BSU22590	0.8848525429430489
BSU22580	0.6018254186347274
BSU22570	0.5346425228541293
BSU22530	1.2852606959547999
BSU22520	1.2852606959547999
BSU22510	1.508968411247998
BSU22500	1.1025335922106547
BSU22480	1.0
BSU22470	1.0876987925256831
BSU22460	1.192823007582393
BSU21840	1.5418136325895337
BSU21830	1.3638889225164361
BSU21800	0.8089112219137528
BSU21780	0.6305493269388381
BSU21790	0.5744895928505808
BSU22380	0.8366316315856561
BSU21760	0.978861577670939
BSU21750	0.6969471124070921
BSU21740	0.9991344977633154
BSU21730	0.8105338851249018
BSU21720	0.7131467758651993
BSU21710	1.300871475965767
BSU22330	0.8740345152269541
BSU21700	0.932340165914989
BSU22310	1.269707882203211
BSU22300	0.8852694358683636
BSU22280	1.0729258200133638
BSU22270	1.0582150016914458
BSU22260	1.1474057494228085
BSU22250	1.0729258200133638
BSU21690	1.0
BSU21680	1.1025335922106547
BSU22240	0.7167911248677359
BSU22230	1.2387772507408568
BSU21670	0.8622922514275873
BSU22220	1.1474057494228085
BSU22210	1.0876987925256831
BSU22190	1.2542133082277942
BSU22180	1.1776238619594184
BSU22170	0.9024137907972573
BSU22160	0.8170345060064439
BSU23370	1.6584624363872555
BSU23340	0.9987018333482779
BSU23300	1.8994151614004477
BSU23230	1.3957385950825656
BSU23220	1.3165399524919772
BSU23210	1.0289811644797733
BSU23200	1.192823007582393
BSU23160	1.0876987925256831
BSU23090	1.8994151614004477
BSU22150	0.9405408592557322
BSU22080	0.871543852387978
BSU21950	1.508968411247998
BSU23320	1.1174298952715576
BSU23350	0.8985021454035945
BSU23060	0.7600358270177686
BSU26380	1.192823007582393
BSU26370	1.42781286726847
BSU26350	1.0876987925256831
BSU26340	0.7370679108929277
BSU26320	1.0
BSU26310	0.742460395590445
BSU26290	1.0435666707863618
BSU26280	1.9170059330024374
BSU26270	1.42781286726847
BSU26260	1.5253638945937036
BSU26250	0.8795771204075964
BSU26240	0.6585380036576108
BSU26230	0.950467540079769
BSU26220	0.9880476644771692
BSU26210	1.3322658616034606
BSU26200	2.077537383395981
BSU26190	1.34804893801963
BSU26180	1.5914861528325137
BSU26170	1.3957385950825656
BSU26160	2.297627895625568
BSU26150	1.1174298952715576
BSU26140	1.16248467663122
BSU26130	0.7641504477983673
BSU26120	0.8287212068097024
BSU26110	1.223399991648671
BSU26100	0.7873713977991446
BSU26090	1.3165399524919772
BSU25980	1.0289811644797733
BSU25860	0.9457838352550377
BSU25810	0.6042960482623384
BSU25800	0.8872157319219516
BSU25790	1.0144588250362492
BSU25780	1.0289811644797733
BSU26330	0.4480325087615131
BSU25740	0.9533096021460256
BSU25730	1.443933614390437
BSU25720	1.1323873859772056
BSU25710	1.300871475965767
BSU25700	1.1174298952715576
BSU25680	0.9476280832030879
BSU25670	0.8792997349765408
BSU25650	0.8599496542654581
BSU25640	0.9717032961448644
BSU25630	0.8548578253609429
BSU25620	0.893619929492413
BSU25610	0.8189335188411091
BSU25560	0.9406824438837058
BSU25450	0.73641111650084
BSU25440	0.688311255571341
BSU25420	1.1174298952715576
BSU25400	1.2852606959547999
BSU25380	0.884574647327393
BSU25370	0.8332191384866215
BSU25360	0.870990668268901
BSU25350	1.0144588250362492
BSU25330	0.9494734340545914
BSU25320	0.7888465419090118
BSU25240	0.9657028140628472
BSU25180	1.0435666707863618
BSU25170	1.300871475965767
BSU25160	1.2387772507408568
BSU25150	1.1474057494228085
BSU25140	0.9357308830076818
BSU25130	0.9974041839722282
BSU25120	0.7333921778502722
BSU25110	0.7909937172816074
BSU25100	0.8416899676393585
BSU25090	0.7762681347581946
BSU25080	0.8733424456492628
BSU25070	1.0144588250362492
BSU25060	0.8319916893273995
BSU25050	1.5914861528325137
BSU25040	1.2387772507408568
BSU25030	0.8410058626391622
BSU25010	0.8940380850401108
BSU24990	1.3165399524919772
BSU24980	0.901854665161204
BSU24840	1.1174298952715576
BSU24830	0.9584318698417955
BSU24820	0.9917870242931826
BSU24800	1.42781286726847
BSU24780	1.1776238619594184
BSU24770	2.4101904421029468
BSU24760	4.554041802990254
BSU24750	1.6081506963480425
BSU24590	1.0
BSU24580	1.8295523583368063
BSU24570	0.8033746571924787
BSU24560	0.8813807809072853
BSU24550	0.7961004306007384
BSU24540	0.7780040018896064
BSU24530	1.2542133082277942
BSU24520	1.2852606959547999
BSU24510	1.16248467663122
BSU24500	0.9358722451916859
BSU24490	1.1174298952715576
BSU24480	1.300871475965767
BSU24470	0.9747078109252036
BSU24460	1.0876987925256831
BSU24440	0.7047086958044146
BSU24330	0.8662929570841678
BSU24320	0.7601684503986962
BSU24300	0.9580046923062944
BSU24290	0.6244220981198607
BSU24280	1.5914861528325137
BSU24270	1.3957385950825656
BSU24210	1.0435666707863618
BSU24200	0.7796073971517642
BSU24190	1.2387772507408568
BSU24180	1.5418136325895337
BSU24120	0.999567220676
BSU24100	0.9608536441301764
BSU24090	0.9102527006489387
BSU24080	0.9481957658357415
BSU24070	1.0289811644797733
BSU24060	1.1174298952715576
BSU23990	0.9614237454525545
BSU23980	1.8818742373630444
BSU23970	1.5914861528325137
BSU23960	1.692266596981353
BSU23950	1.0289811644797733
BSU23920	1.411747779924906
BSU23910	1.7433632589376395
BSU23890	1.1174298952715576
BSU23870	1.1474057494228085
BSU23860	1.5418136325895337
BSU23850	1.192823007582393
BSU23830	1.0729258200133638
BSU23810	1.3322658616034606
BSU23790	0.9000382415044721
BSU23780	0.9300817867124583
BSU23770	0.9978366763648229
BSU23760	1.0729258200133638
BSU23750	0.8872157319219516
BSU23740	1.0435666707863618
BSU23730	0.9319165918728544
BSU23710	1.0289811644797733
BSU23700	0.6523282955482567
BSU23690	0.9932263939932583
BSU23680	0.9909237104569059
BSU23670	0.8930624819181175
BSU23660	0.8103986247909933
BSU23650	0.8536206761449927
BSU23640	1.5583174024600557
BSU23630	0.7464137491497682
BSU23620	1.6584624363872555
BSU23610	0.8137822035397512
BSU23560	0.903392516050059
BSU23550	0.8740345152269541
BSU23540	0.8295384568031122
BSU23520	0.8698846233212753
BSU25520	0.844702058746474
BSU24260	1.5253638945937036
BSU25230	1.0144588250362492
BSU25910	1.0144588250362492
BSU25880	1.0876987925256831
BSU23600	0.6235482793880947
BSU24740	3.707434474113015
BSU24640	1.1025335922106547
BSU25280	0.9981250359453367
BSU25250	1.1174298952715576
BSU24940	0.8147303804569512
BSU24930	1.2080818139511238
BSU24660	0.8968273234228831
BSU24110	1.0144588250362492
BSU24650	0.8058039075148907
BSU23720	0.6428586903955308
BSU27020	0.866707146700586
BSU27000	1.300871475965767
BSU27840	1.0435666707863618
BSU27830	0.9295174550776757
BSU27820	1.4601097775553284
BSU27810	1.9523363156428246
BSU27770	1.411747779924906
BSU27700	0.7131467758651993
BSU27680	2.391315538431286
BSU26780	0.7443044923227482
BSU26770	1.0289811644797733
BSU26760	0.7032837649768081
BSU26750	0.41735418591018975
BSU26730	0.661967384093374
BSU26680	0.5459888973324142
BSU26660	1.1323873859772056
BSU26630	1.9170059330024374
BSU27260	2.316273367333991
BSU27250	1.34804893801963
BSU27230	0.850598850127888
BSU27210	0.9181123805081768
BSU27200	1.5914861528325137
BSU27180	1.3638889225164361
BSU27170	1.34804893801963
BSU27160	0.9707024240971494
BSU27150	0.7000485795427289
BSU27130	1.934646375304532
BSU27110	1.7604987964997776
BSU27100	1.3797855589095749
BSU26610	0.8867985573903883
BSU26570	0.6926895014862015
BSU26560	1.4601097775553284
BSU26550	0.8434694405453101
BSU26540	1.2387772507408568
BSU26530	2.5052442480620796
BSU26510	3.242429106079085
BSU26500	0.5588556679695588
BSU26490	2.2790287377705636
BSU26480	0.8360853456583479
BSU26470	1.2542133082277942
BSU26450	0.8598119151221373
BSU26440	0.6183132635537713
BSU26430	2.241969951460137
BSU26420	0.8962692624732146
BSU26410	0.9718463034959227
BSU26400	0.5133459554530307
BSU26800	1.8818742373630444
BSU26820	2.077537383395981
BSU26830	1.7092469612779397
BSU27500	1.1174298952715576
BSU27490	1.16248467663122
BSU27470	1.0582150016914458
BSU27420	1.0582150016914458
BSU27390	0.9158646428879644
BSU27360	1.2542133082277942
BSU27350	1.0582150016914458
BSU27340	1.1025335922106547
BSU27300	1.5253638945937036
BSU27280	1.411747779924906
BSU27270	1.0876987925256831
BSU27640	1.0
BSU27630	1.0876987925256831
BSU27620	1.1174298952715576
BSU27590	0.9094118228145134
BSU27580	0.8791610522083863
BSU27540	1.1474057494228085
BSU27530	0.7705349046116127
BSU27510	1.3322658616034606
BSU27290	0.8983625406973859
BSU27380	0.9511778112412174
BSU27520	1.0729258200133638
BSU27660	0.9214871561047969
BSU27690	1.1474057494228085
BSU27785	0.96898737991472
BSU27800	0.5833951207828079
BSU27190	0.884574647327393
BSU27570	0.690756872429313
BSU28940	0.986610603227231
BSU28890	1.0144588250362492
BSU28840	0.9510357444220768
BSU28830	0.9480538353458573
BSU28660	0.5115832685375435
BSU28670	0.4351222329838866
BSU28680	0.7729332739602057
BSU28690	0.7958314044707293
BSU28700	0.9310696206464237
BSU28650	0.8208338846084707
BSU28620	0.9192368840514153
BSU28610	1.0435666707863618
BSU28600	0.8865204752552228
BSU28590	0.9867542809641477
BSU28570	0.8862424200565178
BSU28550	0.9074507021666853
BSU28540	1.0144588250362492
BSU28460	1.0289811644797733
BSU28420	0.7117166274113876
BSU28360	0.8781904617938374
BSU28350	0.7505056414611228
BSU28320	0.5102918142985554
BSU28330	1.0144588250362492
BSU28340	1.934646375304532
BSU28240	0.9300817867124583
BSU28040	1.5583174024600557
BSU27950	1.492627410783256
BSU28190	0.7048382782764708
BSU28180	0.9956747907763998
BSU29070	1.2387772507408568
BSU29060	1.0289811644797733
BSU30250	1.1474057494228085
BSU29580	0.871267246483771
BSU30180	0.840321927114587
BSU30860	1.1323873859772056
BSU30870	3.837528336537271
BSU30880	1.2542133082277942
BSU29010	1.6416390492129653
BSU29000	1.6753383535554418
BSU29560	0.7904567555623188
BSU29550	0.8567833721140292
BSU30170	0.8434694405453101
BSU30160	0.9851741848822867
BSU30850	0.5980020882384862
BSU29540	1.3957385950825656
BSU30150	1.0289811644797733
BSU30840	0.7244889175686673
BSU29530	1.3797855589095749
BSU29520	0.9231759677811703
BSU30100	1.1776238619594184
BSU30780	1.0289811644797733
BSU29510	1.3638889225164361
BSU29500	0.9354481796635072
BSU30770	0.42620979688116645
BSU30760	0.4003598845487315
BSU30750	0.4616268838074875
BSU30740	0.31074852132801967
BSU29490	1.0144588250362492
BSU30050	1.223399991648671
BSU30710	0.525026205709035
BSU30720	0.6142095508691576
BSU30739	0.3117569260464915
BSU30000	1.0582150016914458
BSU30700	1.2852606959547999
BSU30690	0.9088513704768785
BSU29990	0.9220499879773983
BSU30680	0.8556828969169141
BSU30670	1.1776238619594184
BSU29980	1.6753383535554418
BSU30660	0.9490474857052228
BSU30640	1.4763411220855782
BSU29420	1.6416390492129653
BSU29410	1.0876987925256831
BSU30595	0.7406177031456266
BSU30610	2.041522422371882
BSU30620	1.42781286726847
BSU29400	1.3797855589095749
BSU29950	1.3165399524919772
BSU29940	1.42781286726847
BSU30580	0.9940903222490375
BSU30570	0.9382763989424223
BSU29390	0.7104172574624981
BSU29380	1.3797855589095749
BSU29370	1.2542133082277942
BSU29360	1.0876987925256831
BSU29350	0.9305051046437951
BSU29920	1.42781286726847
BSU30530	1.0876987925256831
BSU29320	0.6138369020265341
BSU29310	1.1174298952715576
BSU29280	3.837528336537271
BSU29890	0.6436146941117508
BSU30520	1.6416390492129653
BSU29270	0.7048382782764708
BSU29860	0.7801420870527522
BSU29850	0.7053566835485225
BSU30510	1.6753383535554418
BSU30500	0.8755576599264713
BSU29260	0.8343106708270687
BSU29840	0.8499125305739471
BSU29830	1.0582150016914458
BSU29820	0.8460722822617464
BSU29805	0.8592610270427038
BSU30480	1.192823007582393
BSU30490	0.8292660131006204
BSU29250	0.9442241783161716
BSU30460	0.9186745796514187
BSU30450	1.1025335922106547
BSU30440	1.16248467663122
BSU30430	0.942098648019182
BSU30420	0.8787450446172914
BSU30410	0.7597706018010518
BSU29240	0.8131051418722994
BSU29650	0.8306285081642457
BSU30400	0.8842967797393793
BSU30390	0.9224721815716744
BSU30380	2.0956171723557393
BSU30370	1.508968411247998
BSU29220	0.9271202169053134
BSU29640	0.5198250298951257
BSU30360	1.42781286726847
BSU30350	0.8405954812921335
BSU29210	1.1174298952715576
BSU29630	1.1025335922106547
BSU30340	1.0289811644797733
BSU30330	0.7580473297391219
BSU29160	0.8192049174240542
BSU29620	1.2387772507408568
BSU30310	0.9124962072248923
BSU29150	0.814188523861254
BSU29610	1.3957385950825656
BSU28970	1.0144588250362492
BSU28960	1.1474057494228085
BSU29730	1.0582150016914458
BSU29720	1.0289811644797733
BSU29780	1.223399991648671
BSU29770	1.1776238619594184
BSU29760	1.411747779924906
BSU29480	0.9296585284214449
BSU30810	1.3322658616034606
BSU30890	0.4000331069196716
BSU29170	0.9066106194989824
BSU29870	1.1025335922106547
BSU30470	0.5853526259190364
BSU29430	2.353702680711016
BSU30035	1.0289811644797733
BSU29910	1.2542133082277942
BSU31080	0.7117166274113876
BSU31070	1.1474057494228085
BSU31040	1.2542133082277942
BSU31030	0.8829078402526755
BSU31020	0.5444319213969411
BSU31010	0.7295911187952371
BSU31000	0.7997350057497825
BSU30990	1.2080818139511238
BSU31160	1.3638889225164361
BSU31150	1.3797855589095749
BSU31130	1.0582150016914458
BSU31120	1.0435666707863618
BSU31110	1.0144588250362492
BSU31860	0.809587210403681
BSU31850	0.8876329660084482
BSU31840	1.0876987925256831
BSU31830	1.7776856665577871
BSU31800	1.0
BSU31790	1.0144588250362492
BSU31780	0.9751372594203905
BSU31770	0.9658455506578694
BSU31760	1.0435666707863618
BSU31750	0.8686408380859889
BSU31660	1.3638889225164361
BSU31650	1.16248467663122
BSU31630	1.508968411247998
BSU31520	1.269707882203211
BSU31530	1.0582150016914458
BSU31540	0.9599986862603438
BSU31550	0.7596379999738944
BSU31560	1.0435666707863618
BSU31570	1.1025335922106547
BSU31580	0.9648465343998832
BSU31590	1.0729258200133638
BSU31600	1.0144588250362492
BSU31610	1.16248467663122
BSU31620	1.1474057494228085
BSU31430	0.9727044852338693
BSU31420	1.6416390492129653
BSU31410	0.8121575463840188
BSU31400	1.16248467663122
BSU31390	1.3165399524919772
BSU31370	1.7092469612779397
BSU31360	1.8994151614004477
BSU31340	1.1776238619594184
BSU31330	0.9293763882714093
BSU31322	2.316273367333991
BSU31310	1.411747779924906
BSU31300	1.9523363156428246
BSU31290	1.5914861528325137
BSU31280	1.1474057494228085
BSU32090	1.1025335922106547
BSU32080	1.2387772507408568
BSU32070	1.0435666707863618
BSU32050	1.1323873859772056
BSU32040	1.692266596981353
BSU32030	1.223399991648671
BSU32020	1.934646375304532
BSU32010	0.5794861537096715
BSU31875	1.0729258200133638
BSU31890	0.9645611595687646
BSU31900	0.8259988266357507
BSU31910	1.2080818139511238
BSU31920	0.8824912890396519
BSU31945	0.9642758103227761
BSU31210	1.0729258200133638
BSU31200	1.0435666707863618
BSU31190	0.6889545805283928
BSU31180	1.3165399524919772
BSU31170	0.9591439615940666
BSU32100	3.9030892657591267
BSU32110	1.1025335922106547
BSU32130	1.9700755750823085
BSU32340	1.269707882203211
BSU32350	0.8902768457370507
BSU32360	1.0876987925256831
BSU32370	0.9440824306925261
BSU32380	1.300871475965767
BSU32390	1.2852606959547999
BSU32400	0.978001732966014
BSU32410	1.34804893801963
BSU32420	1.508968411247998
BSU32430	1.2387772507408568
BSU32440	0.9405408592557322
BSU32450	1.0876987925256831
BSU32460	1.300871475965767
BSU32470	0.6218017698676022
BSU32490	1.6248683985589283
BSU32500	1.16248467663122
BSU32510	2.7575849898159497
BSU32520	0.9463511786770177
BSU32530	0.6485353553845565
BSU32540	1.0144588250362492
BSU32550	0.6200567635629707
BSU32560	1.0289811644797733
BSU32570	0.6052851691722377
BSU32580	0.9119351717881382
BSU32590	0.8570585585689483
BSU32600	0.8031048794799417
BSU32610	1.0144588250362492
BSU32620	0.7188761681355998
BSU32630	0.9761395316803559
BSU32650	1.1174298952715576
BSU32660	1.0289811644797733
BSU32670	0.827904204780142
BSU32680	0.8934805570999471
BSU32690	1.1174298952715576
BSU32700	0.8081002640408473
BSU32710	0.8110749949071694
BSU32720	0.7096379851856552
BSU32730	0.7065235232084613
BSU32740	0.6960433138785227
BSU32750	0.9029730219823374
BSU32760	0.7276274334660158
BSU32770	0.8530710087997943
BSU32780	1.0144588250362492
BSU32790	0.7936802044841305
BSU32800	0.8438802519737572
BSU32810	1.4763411220855782
BSU32820	0.5547571985766983
BSU32830	1.0582150016914458
BSU32850	1.7604987964997776
BSU32860	1.0289811644797733
BSU32870	0.9920748469391653
BSU32880	1.0582150016914458
BSU32890	0.9290942752145651
BSU32900	1.192823007582393
BSU32910	1.1323873859772056
BSU32920	1.0144588250362492
BSU32930	0.8185264741320601
BSU32940	0.7318185904420762
BSU32950	1.2542133082277942
BSU32970	0.8140530769557608
BSU32980	0.5519899596004972
BSU32320	1.0144588250362492
BSU32310	0.7781375795264855
BSU32300	1.0435666707863618
BSU32290	1.1025335922106547
BSU32280	0.8633953263082298
BSU32270	1.0876987925256831
BSU32200	1.0729258200133638
BSU32180	1.2387772507408568
BSU32170	1.2080818139511238
BSU32160	1.300871475965767
BSU31220	0.9805819627790541
BSU31740	1.0729258200133638
BSU31480	1.0582150016914458
BSU31500	1.0435666707863618
BSU33030	1.5418136325895337
BSU31380	1.0289811644797733
BSU32190	0.7165306258090273
BSU31730	0.9295174550776757
BSU32210	0.8560955245209665
BSU31810	0.9129170535065777
BSU31820	0.8610518092670503
BSU33530	2.936572247655698
BSU33560	0.761362379419732
BSU33570	0.9261336706500316
BSU33580	1.192823007582393
BSU33590	1.2542133082277942
BSU33600	0.82314328797016
BSU33630	1.0582150016914458
BSU33640	1.0
BSU33660	0.8230073858862119
BSU33670	0.9419569981217772
BSU33680	0.894874576962072
BSU33690	0.977142120788655
BSU33740	1.0582150016914458
BSU33750	1.3957385950825656
BSU33760	0.9838819565319886
BSU33770	0.9059107334448026
BSU33780	1.3797855589095749
BSU33790	0.8765273565360782
BSU33840	1.0876987925256831
BSU33850	1.0435666707863618
BSU33860	1.0435666707863618
BSU33870	0.56526288435589
BSU33880	0.922331443348206
BSU33890	0.8351296071772742
BSU33950	1.4601097775553284
BSU33980	1.300871475965767
BSU34000	2.4670874134096357
BSU34020	1.4601097775553284
BSU34030	1.2387772507408568
BSU34850	1.0144588250362492
BSU34840	0.674204884045314
BSU34800	1.0144588250362492
BSU34780	0.894874576962072
BSU34770	1.0729258200133638
BSU34760	1.0
BSU34750	0.829129801589885
BSU34730	0.9945223732079862
BSU34720	1.3638889225164361
BSU34710	1.5253638945937036
BSU34700	23.425035322010547
BSU34690	63.314896359598514
BSU34680	1.1025335922106547
BSU34670	1.0435666707863618
BSU34660	1.269707882203211
BSU34650	0.6853543357466728
BSU34640	0.7585774393646404
BSU34630	2.297627895625568
BSU34620	1.1323873859772056
BSU34610	3.1189721985254533
BSU34600	1.411747779924906
BSU34590	1.8994151614004477
BSU34580	1.0435666707863618
BSU34560	0.8625679798199348
BSU34550	0.780676889167473
BSU34530	1.5914861528325137
BSU34520	0.941532087699947
BSU34510	1.443933614390437
BSU34500	1.1025335922106547
BSU34490	0.9038120694302683
BSU34480	0.8209696773598697
BSU34470	1.934646375304532
BSU34460	0.8460722822617464
BSU34420	0.8209696773598697
BSU34410	0.8581595758055782
BSU34370	0.6647657320659311
BSU34360	0.6160738347649724
BSU34350	0.8330827275178168
BSU34340	0.5957855238462871
BSU34330	0.6724159679734163
BSU34320	0.7234436711417033
BSU34310	0.525499826934555
BSU34300	0.5018634516283262
BSU34290	0.5540349010134134
BSU34280	0.5225418440727451
BSU34265	0.5289956083257398
BSU34250	0.45017663230445204
BSU34240	0.5524709136242549
BSU34230	0.5211238336095207
BSU34220	0.577290906970386
BSU34210	0.75433974973256
BSU34180	1.192823007582393
BSU34160	1.1776238619594184
BSU34110	0.6514426694914548
BSU34070	1.1474057494228085
BSU34060	1.1776238619594184
BSU34050	1.2080818139511238
BSU34040	1.443933614390437
BSU33360	0.8938986930193338
BSU33370	0.978001732966014
BSU33380	1.0144588250362492
BSU33390	0.9453583953958675
BSU33400	1.411747779924906
BSU33410	1.4601097775553284
BSU33440	1.8295523583368063
BSU33430	1.42781286726847
BSU33450	0.9347415341243506
BSU33460	0.9221907127637953
BSU33470	0.9426653117104202
BSU33510	0.8185264741320601
BSU33520	0.6240475584825858
BSU35520	1.0144588250362492
BSU35480	1.0144588250362492
BSU35390	0.8012172149207485
BSU35380	0.8554078459267339
BSU35280	0.8639470264818834
BSU35210	1.223399991648671
BSU35130	1.1323873859772056
BSU35120	1.0729258200133638
BSU35110	0.9883351530725479
BSU35100	0.8181194910249393
BSU35090	0.956438875961514
BSU35080	1.443933614390437
BSU35070	1.34804893801963
BSU35050	0.9768556344328271
BSU35030	1.0289811644797733
BSU35000	1.1474057494228085
BSU34980	1.0
BSU34960	0.6579035335181417
BSU34950	1.1323873859772056
BSU34940	1.1174298952715576
BSU33010	1.5583174024600557
BSU33020	1.223399991648671
BSU33080	1.7604987964997776
BSU33090	2.7773013727134
BSU33100	2.679152277180772
BSU33110	3.968989875884028
BSU33120	216.549217246654
BSU33130	204.9999450316337
BSU33140	1.7092469612779397
BSU33150	1.0582150016914458
BSU33160	1.5748749825997468
BSU33170	1.34804893801963
BSU33180	0.9466348890152957
BSU33190	1.1474057494228085
BSU33200	1.223399991648671
BSU33210	0.969130264730636
BSU33221	1.443933614390437
BSU33230	1.0582150016914458
BSU33240	1.0289811644797733
BSU33250	0.954020524132066
BSU33260	0.8766611686500031
BSU33270	0.972132338567273
BSU33280	0.92106510201321
BSU33350	0.8532084154815346
BSU33330	0.8071544622431204
BSU33000	1.7724265014008431
BSU35350	1.0876987925256831
BSU35310	1.269707882203211
BSU35510	1.1174298952715576
BSU35440	0.943232081379851
BSU35420	0.8642229167137812
BSU35660	1.1174298952715576
BSU34830	0.7026363620017761
BSU35150	1.34804893801963
BSU33650	0.5805847358734199
BSU35230	1.4763411220855782
BSU38550	0.7294601558122312
BSU38490	1.2542133082277942
BSU38480	1.0435666707863618
BSU38470	1.5253638945937036
BSU38450	0.9264155082171842
BSU38440	2.1137449518834854
BSU38370	1.0144588250362492
BSU38360	1.2542133082277942
BSU38350	1.0
BSU38320	1.2542133082277942
BSU38310	1.5914861528325137
BSU38280	0.5988647669778615
BSU38270	0.4243232093245029
BSU38260	0.5445516404378044
BSU38250	0.9574352138422966
BSU38240	1.0729258200133638
BSU38220	1.2387772507408568
BSU38210	1.0582150016914458
BSU38130	1.0144588250362492
BSU38120	1.864383342561946
BSU38110	1.5748749825997468
BSU38100	1.8994151614004477
BSU38080	0.7453588915312225
BSU38060	2.20509818885424
BSU38030	1.0582150016914458
BSU38000	1.34804893801963
BSU37990	1.0729258200133638
BSU37980	0.8819359814497091
BSU37960	1.1776238619594184
BSU37950	1.5418136325895337
BSU37940	1.508968411247998
BSU37930	1.4763411220855782
BSU37920	1.1174298952715576
BSU37800	0.9642758103227761
BSU37750	0.9518882457494834
BSU37740	1.0
BSU37730	0.8827689830133881
BSU37720	0.6865109262658772
BSU37710	0.6500517174174409
BSU37700	0.8270874490878535
BSU37690	0.8669833079844675
BSU37680	1.2387772507408568
BSU37670	1.0435666707863618
BSU37650	1.16248467663122
BSU37640	1.3797855589095749
BSU37630	0.877220199901543
BSU37620	1.3957385950825656
BSU37600	1.1776238619594184
BSU37590	0.9777151695932005
BSU37580	1.223399991648671
BSU37550	1.443933614390437
BSU37540	1.16248467663122
BSU37530	1.2852606959547999
BSU37520	1.3165399524919772
BSU37510	1.4601097775553284
BSU37500	1.2080818139511238
BSU37490	1.269707882203211
BSU37480	0.8968273234228831
BSU37450	1.9170059330024374
BSU37440	1.269707882203211
BSU37430	1.7433632589376395
BSU37420	0.9798650234272651
BSU37410	1.2852606959547999
BSU37400	1.2852606959547999
BSU37390	1.6584624363872555
BSU37380	1.6416390492129653
BSU37370	2.4670874134096357
BSU37340	1.2852606959547999
BSU37300	1.5914861528325137
BSU37290	1.34804893801963
BSU37240	1.6584624363872555
BSU37230	1.2387772507408568
BSU37220	0.9724183985073144
BSU37210	3.2217510013639887
BSU37180	0.9731336622074667
BSU37140	1.300871475965767
BSU37110	1.1174298952715576
BSU37090	1.0582150016914458
BSU37050	1.5418136325895337
BSU37040	1.9170059330024374
BSU37030	1.0289811644797733
BSU37020	1.0582150016914458
BSU37000	1.1025335922106547
BSU36990	0.6211783805709801
BSU36980	0.9174097812049533
BSU36960	1.0144588250362492
BSU36950	0.7600358270177686
BSU36940	1.0876987925256831
BSU36930	0.758312370457521
BSU36920	0.9343176249726289
BSU36910	0.9146010332774172
BSU36790	1.1323873859772056
BSU36770	1.5748749825997468
BSU36740	1.16248467663122
BSU36730	1.0729258200133638
BSU36720	1.3957385950825656
BSU36680	1.6081506963480425
BSU36670	7.2032283826067935
BSU36630	0.9507516288013551
BSU36620	1.2080818139511238
BSU36610	0.9548738456719933
BSU36590	1.2387772507408568
BSU36580	1.5583174024600557
BSU36560	0.9381349250345078
BSU36540	1.300871475965767
BSU36530	1.3797855589095749
BSU36500	1.0729258200133638
BSU36490	1.4601097775553284
BSU36470	1.443933614390437
BSU36460	1.0582150016914458
BSU36450	0.5968934901292154
BSU36440	1.0582150016914458
BSU36370	0.8066141571987183
BSU36360	0.7973113906868371
BSU36350	2.041522422371882
BSU36330	1.7262792485480012
BSU36310	1.269707882203211
BSU36280	1.16248467663122
BSU36270	1.3957385950825656
BSU36260	1.0876987925256831
BSU36250	1.0582150016914458
BSU36230	1.1025335922106547
BSU36220	0.904791259837283
BSU36210	1.0729258200133638
BSU36200	0.9824467590196408
BSU36190	1.1323873859772056
BSU36180	0.8752806632993414
BSU36170	1.1025335922106547
BSU36160	2.1137449518834854
BSU36150	1.2852606959547999
BSU36120	1.1474057494228085
BSU36110	1.0876987925256831
BSU36100	1.2080818139511238
BSU36090	1.1776238619594184
BSU36080	0.8750036948042582
BSU36040	1.1323873859772056
BSU36030	0.979148244012854
BSU35990	1.2852606959547999
BSU35980	0.6939788412864314
BSU35970	3.600080887645279
BSU35900	2.260476041646887
BSU35890	1.0144588250362492
BSU35880	1.1776238619594184
BSU35870	0.45040251195836284
BSU35860	1.3797855589095749
BSU35850	1.2542133082277942
BSU35840	1.3797855589095749
BSU35830	2.83670831798407
BSU38180	2.5435802556077185
BSU36780	0.7669416416618668
BSU37610	1.0144588250362492
BSU40040	1.508968411247998
BSU40030	1.5418136325895337
BSU40022	1.34804893801963
BSU40010	1.16248467663122
BSU39990	1.4763411220855782
BSU39980	1.3797855589095749
BSU39970	23.767547885593945
BSU39960	0.451871578446682
BSU39950	0.8897200386998025
BSU39940	0.8154078569036337
BSU39930	1.0
BSU39900	0.5540349010134134
BSU39890	0.7812118040052527
BSU39880	0.7336545430159882
BSU39870	1.0289811644797733
BSU39850	1.5418136325895337
BSU39840	0.8588479318050345
BSU39830	0.8343106708270687
BSU39810	6.758038343026774
BSU39800	0.9182529202989211
BSU39790	1.223399991648671
BSU39660	1.7604987964997776
BSU39650	1.2080818139511238
BSU39640	11.453471272980178
BSU39620	1.192823007582393
BSU39610	0.4798301580937873
BSU39600	1.1323873859772056
BSU39590	1.34804893801963
BSU39580	1.223399991648671
BSU39560	2.077537383395981
BSU39550	1.7433632589376395
BSU39540	1.7433632589376395
BSU39530	0.8405954812921335
BSU39520	1.2852606959547999
BSU39510	2.56281512112143
BSU39500	2.297627895625568
BSU39490	3.0781480540780772
BSU39480	2.4670874134096357
BSU39470	2.4670874134096357
BSU39460	2.2235106173076353
BSU39450	1.5748749825997468
BSU39330	0.9392668939984109
BSU39320	0.7952934372266265
BSU39300	0.8295384568031122
BSU39250	1.7092469612779397
BSU39210	0.7466775350772994
BSU39190	0.8354026414713606
BSU39180	0.9340350525133114
BSU39160	0.9782883226100906
BSU39150	0.9271202169053134
BSU39140	0.9470605046226308
BSU39120	1.0435666707863618
BSU39090	1.34804893801963
BSU39060	2.353702680711016
BSU39040	1.192823007582393
BSU39030	0.9625642603969871
BSU39020	1.3957385950825656
BSU39010	1.6584624363872555
BSU39000	1.7949236765349494
BSU38990	1.5748749825997468
BSU38980	0.8401851607260521
BSU38970	0.5949242092272253
BSU38960	0.6426067494562693
BSU38950	0.6624759053938275
BSU38940	1.411747779924906
BSU38930	0.989916802761011
BSU38910	1.1776238619594184
BSU38900	1.0582150016914458
BSU38890	0.9205024543407107
BSU38880	0.9943783499457218
BSU38870	1.2387772507408568
BSU38850	1.508968411247998
BSU38840	1.0289811644797733
BSU38820	1.1776238619594184
BSU38800	1.223399991648671
BSU38780	1.269707882203211
BSU38770	0.7804094742954844
BSU38720	1.0876987925256831
BSU38690	1.0435666707863618
BSU38680	0.7494490120798073
BSU38670	0.7997350057497825
BSU38660	1.0876987925256831
BSU38650	1.0289811644797733
BSU38640	1.3322658616034606
BSU38620	1.0729258200133638
BSU40000	1.5748749825997468
BSU39910	0.51581684090502
BSU39440	1.0289811644797733
BSU39290	0.8306285081642457
BSU39280	0.8186621487715239
BSU39240	1.0435666707863618
BSU39200	0.7398284085575179
BSU38790	1.0876987925256831
BSU39170	1.0435666707863618
BSU40990	0.9099723814379507
BSU40980	1.0876987925256831
BSU40950	0.9787182544425768
BSU40940	0.9435155048266239
BSU40920	0.9851741848822867
BSU40870	1.1025335922106547
BSU40860	1.0
BSU40850	0.8664310135989638
BSU40840	1.0144588250362492
BSU40830	1.1174298952715576
BSU40820	0.8326735369983034
BSU40810	1.5253638945937036
BSU40800	1.2387772507408568
BSU40790	0.7618931989324225
BSU40760	1.3322658616034606
BSU40750	0.7177031030157518
BSU40740	1.2080818139511238
BSU40730	1.9523363156428246
BSU40720	0.9190962975216286
BSU40710	0.9810122041247673
BSU40700	1.2080818139511238
BSU40690	0.8837411234575137
BSU40680	0.7520914420154394
BSU40670	0.6139611103703374
BSU40660	0.5794861537096715
BSU40650	0.6410957431030331
BSU40630	1.5418136325895337
BSU40620	0.7045791195412417
BSU40610	1.1323873859772056
BSU40590	0.941390463680512
BSU40580	1.443933614390437
BSU40570	1.300871475965767
BSU40560	1.1474057494228085
BSU40550	1.0435666707863618
BSU40540	0.8230073858862119
BSU40520	1.0144588250362492
BSU40510	0.894874576962072
BSU40480	0.6444970421403532
BSU40470	0.6455058951818259
BSU40450	1.3797855589095749
BSU40430	0.7606990141173741
BSU40410	0.6220511791725569
BSU40400	0.9084311002883343
BSU40390	0.8614652288509136
BSU40380	0.8418268097750341
BSU40370	1.269707882203211
BSU40270	1.5253638945937036
BSU40250	1.300871475965767
BSU40240	1.0289811644797733
BSU40230	1.1776238619594184
BSU40220	1.0289811644797733
BSU40210	1.4601097775553284
BSU40200	1.1323873859772056
BSU40180	1.0729258200133638
BSU40170	1.7433632589376395
BSU40160	1.3797855589095749
BSU40150	1.1474057494228085
BSU40140	0.8448390509632018
BSU40130	0.7865671310203041
BSU40360	1.42781286726847
BSU40460	0.7212240608254776
BSU40120	0.6086271140499935
